phase,track,target,lookback,asset,split,exclusion_category,count,note
Phase 2B Layer 1 screening,crypto_hourly,target_direction_4h,168,,test,asset_segment_below_lookback,15010,Rows belong to assets excluded because at least one required segment is shorter than lookback.
Phase 2B Layer 1 screening,crypto_hourly,target_log_realized_vol_4h,168,,test,asset_segment_below_lookback,15010,Rows belong to assets excluded because at least one required segment is shorter than lookback.
Phase 2B Layer 1 screening,crypto_hourly,target_stress_24h,168,,test,asset_segment_below_lookback,14990,Rows belong to assets excluded because at least one required segment is shorter than lookback.
Phase 2B Layer 1 screening,crypto_hourly,target_direction_4h,168,,train,asset_segment_below_lookback,0,Rows belong to assets excluded because at least one required segment is shorter than lookback.
Phase 2B Layer 1 screening,crypto_hourly,target_log_realized_vol_4h,168,,train,asset_segment_below_lookback,0,Rows belong to assets excluded because at least one required segment is shorter than lookback.
Phase 2B Layer 1 screening,crypto_hourly,target_stress_24h,168,,train,asset_segment_below_lookback,0,Rows belong to assets excluded because at least one required segment is shorter than lookback.
Phase 2B Layer 1 screening,crypto_hourly,target_direction_4h,168,,validation,asset_segment_below_lookback,0,Rows belong to assets excluded because at least one required segment is shorter than lookback.
Phase 2B Layer 1 screening,crypto_hourly,target_log_realized_vol_4h,168,,validation,asset_segment_below_lookback,0,Rows belong to assets excluded because at least one required segment is shorter than lookback.
Phase 2B Layer 1 screening,crypto_hourly,target_stress_24h,168,,validation,asset_segment_below_lookback,0,Rows belong to assets excluded because at least one required segment is shorter than lookback.
Phase 2B Layer 1 screening,crypto_hourly,target_direction_4h,168,,all,embargo_dates,2,Configured post-boundary embargo before validation and test segments.
Phase 2B Layer 1 screening,crypto_hourly,target_log_realized_vol_4h,168,,all,embargo_dates,2,Configured post-boundary embargo before validation and test segments.
Phase 2B Layer 1 screening,crypto_hourly,target_stress_24h,168,,all,embargo_dates,2,Configured post-boundary embargo before validation and test segments.
Phase 2B Layer 1 screening,crypto_hourly,target_direction_4h,168,,all,feature_imputation_cases,5098,"Audit count only; this is retained, not an exclusion."
Phase 2B Layer 1 screening,crypto_hourly,target_log_realized_vol_4h,168,,all,feature_imputation_cases,5098,"Audit count only; this is retained, not an exclusion."
Phase 2B Layer 1 screening,crypto_hourly,target_stress_24h,168,,all,feature_imputation_cases,5098,"Audit count only; this is retained, not an exclusion."
Phase 2B Layer 1 screening,crypto_hourly,target_direction_4h,168,,all,feature_missingness_removed,0,Features are train-only median-imputed; missing feature rows are not dropped.
Phase 2B Layer 1 screening,crypto_hourly,target_log_realized_vol_4h,168,,all,feature_missingness_removed,0,Features are train-only median-imputed; missing feature rows are not dropped.
Phase 2B Layer 1 screening,crypto_hourly,target_stress_24h,168,,all,feature_missingness_removed,0,Features are train-only median-imputed; missing feature rows are not dropped.
Phase 2B Layer 1 screening,crypto_hourly,target_direction_4h,168,,all,future_target_horizon_tail,80,At most the final target-horizon observed rows per asset cannot have a complete future label.
Phase 2B Layer 1 screening,crypto_hourly,target_log_realized_vol_4h,168,,all,future_target_horizon_tail,80,At most the final target-horizon observed rows per asset cannot have a complete future label.
Phase 2B Layer 1 screening,crypto_hourly,target_stress_24h,168,,all,future_target_horizon_tail,480,At most the final target-horizon observed rows per asset cannot have a complete future label.
Phase 2B Layer 1 screening,crypto_hourly,target_direction_4h,168,,test,intentional_sampling_cap,284715,Deterministic per-asset cap; zero for full-eligible stages.
Phase 2B Layer 1 screening,crypto_hourly,target_log_realized_vol_4h,168,,test,intentional_sampling_cap,284715,Deterministic per-asset cap; zero for full-eligible stages.
Phase 2B Layer 1 screening,crypto_hourly,target_stress_24h,168,,test,intentional_sampling_cap,284639,Deterministic per-asset cap; zero for full-eligible stages.
Phase 2B Layer 1 screening,crypto_hourly,target_direction_4h,168,,train,intentional_sampling_cap,607124,Deterministic per-asset cap; zero for full-eligible stages.
Phase 2B Layer 1 screening,crypto_hourly,target_log_realized_vol_4h,168,,train,intentional_sampling_cap,607124,Deterministic per-asset cap; zero for full-eligible stages.
Phase 2B Layer 1 screening,crypto_hourly,target_stress_24h,168,,train,intentional_sampling_cap,606516,Deterministic per-asset cap; zero for full-eligible stages.
Phase 2B Layer 1 screening,crypto_hourly,target_direction_4h,168,,validation,intentional_sampling_cap,284639,Deterministic per-asset cap; zero for full-eligible stages.
Phase 2B Layer 1 screening,crypto_hourly,target_log_realized_vol_4h,168,,validation,intentional_sampling_cap,284639,Deterministic per-asset cap; zero for full-eligible stages.
Phase 2B Layer 1 screening,crypto_hourly,target_stress_24h,168,,validation,intentional_sampling_cap,284183,Deterministic per-asset cap; zero for full-eligible stages.
Phase 2B Layer 1 screening,crypto_hourly,target_direction_4h,168,,test,lookback_warmup,3173,Strict windows do not cross a split boundary; each represented asset loses lookback - 1 endpoints per segment.
Phase 2B Layer 1 screening,crypto_hourly,target_log_realized_vol_4h,168,,test,lookback_warmup,3173,Strict windows do not cross a split boundary; each represented asset loses lookback - 1 endpoints per segment.
Phase 2B Layer 1 screening,crypto_hourly,target_stress_24h,168,,test,lookback_warmup,3173,Strict windows do not cross a split boundary; each represented asset loses lookback - 1 endpoints per segment.
Phase 2B Layer 1 screening,crypto_hourly,target_direction_4h,168,,train,lookback_warmup,3173,Strict windows do not cross a split boundary; each represented asset loses lookback - 1 endpoints per segment.
Phase 2B Layer 1 screening,crypto_hourly,target_log_realized_vol_4h,168,,train,lookback_warmup,3173,Strict windows do not cross a split boundary; each represented asset loses lookback - 1 endpoints per segment.
Phase 2B Layer 1 screening,crypto_hourly,target_stress_24h,168,,train,lookback_warmup,3173,Strict windows do not cross a split boundary; each represented asset loses lookback - 1 endpoints per segment.
Phase 2B Layer 1 screening,crypto_hourly,target_direction_4h,168,,validation,lookback_warmup,3173,Strict windows do not cross a split boundary; each represented asset loses lookback - 1 endpoints per segment.
Phase 2B Layer 1 screening,crypto_hourly,target_log_realized_vol_4h,168,,validation,lookback_warmup,3173,Strict windows do not cross a split boundary; each represented asset loses lookback - 1 endpoints per segment.
Phase 2B Layer 1 screening,crypto_hourly,target_stress_24h,168,,validation,lookback_warmup,3173,Strict windows do not cross a split boundary; each represented asset loses lookback - 1 endpoints per segment.
Phase 2B Layer 1 screening,crypto_hourly,target_direction_4h,168,,all,other_observed_target_unavailable,0,"Observed rows without a valid target beyond the terminal horizon, typically because the target's required future/past inputs are unavailable."
Phase 2B Layer 1 screening,crypto_hourly,target_log_realized_vol_4h,168,,all,other_observed_target_unavailable,0,"Observed rows without a valid target beyond the terminal horizon, typically because the target's required future/past inputs are unavailable."
Phase 2B Layer 1 screening,crypto_hourly,target_stress_24h,168,,all,other_observed_target_unavailable,0,"Observed rows without a valid target beyond the terminal horizon, typically because the target's required future/past inputs are unavailable."
Phase 2B Layer 1 screening,crypto_hourly,target_direction_4h,168,,all,purge_dates,8,Configured target-horizon purge before validation and test boundaries.
Phase 2B Layer 1 screening,crypto_hourly,target_log_realized_vol_4h,168,,all,purge_dates,8,Configured target-horizon purge before validation and test boundaries.
Phase 2B Layer 1 screening,crypto_hourly,target_stress_24h,168,,all,purge_dates,48,Configured target-horizon purge before validation and test boundaries.
Phase 2B Layer 1 screening,crypto_hourly,target_direction_4h,168,,all,unassigned_purge_embargo_dates,10,Global date-level split gap across both boundaries.
Phase 2B Layer 1 screening,crypto_hourly,target_log_realized_vol_4h,168,,all,unassigned_purge_embargo_dates,10,Global date-level split gap across both boundaries.
Phase 2B Layer 1 screening,crypto_hourly,target_stress_24h,168,,all,unassigned_purge_embargo_dates,50,Global date-level split gap across both boundaries.
Phase 2B Layer 1 screening,crypto_hourly,target_direction_4h,168,,all,unobserved_or_calendar_aligned_ohlcv,0,Daily calendar alignment retains rows without observed OHLC; crypto has no such rows.
Phase 2B Layer 1 screening,crypto_hourly,target_log_realized_vol_4h,168,,all,unobserved_or_calendar_aligned_ohlcv,0,Daily calendar alignment retains rows without observed OHLC; crypto has no such rows.
Phase 2B Layer 1 screening,crypto_hourly,target_stress_24h,168,,all,unobserved_or_calendar_aligned_ohlcv,0,Daily calendar alignment retains rows without observed OHLC; crypto has no such rows.
Phase 2B Layer 1 screening,daily,target_direction_5d,60,,test,asset_segment_below_lookback,2190,Rows belong to assets excluded because at least one required segment is shorter than lookback.
Phase 2B Layer 1 screening,daily,target_log_realized_vol_5d,60,,test,asset_segment_below_lookback,2190,Rows belong to assets excluded because at least one required segment is shorter than lookback.
Phase 2B Layer 1 screening,daily,target_stress_10d,60,,test,asset_segment_below_lookback,3282,Rows belong to assets excluded because at least one required segment is shorter than lookback.
Phase 2B Layer 1 screening,daily,target_direction_5d,60,,train,asset_segment_below_lookback,0,Rows belong to assets excluded because at least one required segment is shorter than lookback.
Phase 2B Layer 1 screening,daily,target_log_realized_vol_5d,60,,train,asset_segment_below_lookback,8274,Rows belong to assets excluded because at least one required segment is shorter than lookback.
Phase 2B Layer 1 screening,daily,target_stress_10d,60,,train,asset_segment_below_lookback,8296,Rows belong to assets excluded because at least one required segment is shorter than lookback.
Phase 2B Layer 1 screening,daily,target_direction_5d,60,,validation,asset_segment_below_lookback,2023,Rows belong to assets excluded because at least one required segment is shorter than lookback.
Phase 2B Layer 1 screening,daily,target_log_realized_vol_5d,60,,validation,asset_segment_below_lookback,2023,Rows belong to assets excluded because at least one required segment is shorter than lookback.
Phase 2B Layer 1 screening,daily,target_stress_10d,60,,validation,asset_segment_below_lookback,3088,Rows belong to assets excluded because at least one required segment is shorter than lookback.
Phase 2B Layer 1 screening,daily,target_direction_5d,60,,all,embargo_dates,2,Configured post-boundary embargo before validation and test segments.
Phase 2B Layer 1 screening,daily,target_log_realized_vol_5d,60,,all,embargo_dates,2,Configured post-boundary embargo before validation and test segments.
Phase 2B Layer 1 screening,daily,target_stress_10d,60,,all,embargo_dates,2,Configured post-boundary embargo before validation and test segments.
Phase 2B Layer 1 screening,daily,target_direction_5d,60,,all,feature_imputation_cases,250394,"Audit count only; this is retained, not an exclusion."
Phase 2B Layer 1 screening,daily,target_log_realized_vol_5d,60,,all,feature_imputation_cases,238333,"Audit count only; this is retained, not an exclusion."
Phase 2B Layer 1 screening,daily,target_stress_10d,60,,all,feature_imputation_cases,238221,"Audit count only; this is retained, not an exclusion."
Phase 2B Layer 1 screening,daily,target_direction_5d,60,,all,feature_missingness_removed,0,Features are train-only median-imputed; missing feature rows are not dropped.
Phase 2B Layer 1 screening,daily,target_log_realized_vol_5d,60,,all,feature_missingness_removed,0,Features are train-only median-imputed; missing feature rows are not dropped.
Phase 2B Layer 1 screening,daily,target_stress_10d,60,,all,feature_missingness_removed,0,Features are train-only median-imputed; missing feature rows are not dropped.
Phase 2B Layer 1 screening,daily,target_direction_5d,60,,all,future_target_horizon_tail,400,At most the final target-horizon observed rows per asset cannot have a complete future label.
Phase 2B Layer 1 screening,daily,target_log_realized_vol_5d,60,,all,future_target_horizon_tail,400,At most the final target-horizon observed rows per asset cannot have a complete future label.
Phase 2B Layer 1 screening,daily,target_stress_10d,60,,all,future_target_horizon_tail,800,At most the final target-horizon observed rows per asset cannot have a complete future label.
Phase 2B Layer 1 screening,daily,target_direction_5d,60,,test,intentional_sampling_cap,35102,Deterministic per-asset cap; zero for full-eligible stages.
Phase 2B Layer 1 screening,daily,target_log_realized_vol_5d,60,,test,intentional_sampling_cap,34248,Deterministic per-asset cap; zero for full-eligible stages.
Phase 2B Layer 1 screening,daily,target_stress_10d,60,,test,intentional_sampling_cap,33218,Deterministic per-asset cap; zero for full-eligible stages.
Phase 2B Layer 1 screening,daily,target_direction_5d,60,,train,intentional_sampling_cap,158095,Deterministic per-asset cap; zero for full-eligible stages.
Phase 2B Layer 1 screening,daily,target_log_realized_vol_5d,60,,train,intentional_sampling_cap,145229,Deterministic per-asset cap; zero for full-eligible stages.
Phase 2B Layer 1 screening,daily,target_stress_10d,60,,train,intentional_sampling_cap,144849,Deterministic per-asset cap; zero for full-eligible stages.
Phase 2B Layer 1 screening,daily,target_direction_5d,60,,validation,intentional_sampling_cap,35475,Deterministic per-asset cap; zero for full-eligible stages.
Phase 2B Layer 1 screening,daily,target_log_realized_vol_5d,60,,validation,intentional_sampling_cap,34614,Deterministic per-asset cap; zero for full-eligible stages.
Phase 2B Layer 1 screening,daily,target_stress_10d,60,,validation,intentional_sampling_cap,33540,Deterministic per-asset cap; zero for full-eligible stages.
Phase 2B Layer 1 screening,daily,target_direction_5d,60,,test,lookback_warmup,4602,Strict windows do not cross a split boundary; each represented asset loses lookback - 1 endpoints per segment.
Phase 2B Layer 1 screening,daily,target_log_realized_vol_5d,60,,test,lookback_warmup,4189,Strict windows do not cross a split boundary; each represented asset loses lookback - 1 endpoints per segment.
Phase 2B Layer 1 screening,daily,target_stress_10d,60,,test,lookback_warmup,4130,Strict windows do not cross a split boundary; each represented asset loses lookback - 1 endpoints per segment.
Phase 2B Layer 1 screening,daily,target_direction_5d,60,,train,lookback_warmup,4602,Strict windows do not cross a split boundary; each represented asset loses lookback - 1 endpoints per segment.
Phase 2B Layer 1 screening,daily,target_log_realized_vol_5d,60,,train,lookback_warmup,4189,Strict windows do not cross a split boundary; each represented asset loses lookback - 1 endpoints per segment.
Phase 2B Layer 1 screening,daily,target_stress_10d,60,,train,lookback_warmup,4130,Strict windows do not cross a split boundary; each represented asset loses lookback - 1 endpoints per segment.
Phase 2B Layer 1 screening,daily,target_direction_5d,60,,validation,lookback_warmup,4602,Strict windows do not cross a split boundary; each represented asset loses lookback - 1 endpoints per segment.
Phase 2B Layer 1 screening,daily,target_log_realized_vol_5d,60,,validation,lookback_warmup,4189,Strict windows do not cross a split boundary; each represented asset loses lookback - 1 endpoints per segment.
Phase 2B Layer 1 screening,daily,target_stress_10d,60,,validation,lookback_warmup,4130,Strict windows do not cross a split boundary; each represented asset loses lookback - 1 endpoints per segment.
Phase 2B Layer 1 screening,daily,target_direction_5d,60,,all,other_observed_target_unavailable,8626,"Observed rows without a valid target beyond the terminal horizon, typically because the target's required future/past inputs are unavailable."
Phase 2B Layer 1 screening,daily,target_log_realized_vol_5d,60,,all,other_observed_target_unavailable,20687,"Observed rows without a valid target beyond the terminal horizon, typically because the target's required future/past inputs are unavailable."
Phase 2B Layer 1 screening,daily,target_stress_10d,60,,all,other_observed_target_unavailable,20687,"Observed rows without a valid target beyond the terminal horizon, typically because the target's required future/past inputs are unavailable."
Phase 2B Layer 1 screening,daily,target_direction_5d,60,,all,purge_dates,10,Configured target-horizon purge before validation and test boundaries.
Phase 2B Layer 1 screening,daily,target_log_realized_vol_5d,60,,all,purge_dates,10,Configured target-horizon purge before validation and test boundaries.
Phase 2B Layer 1 screening,daily,target_stress_10d,60,,all,purge_dates,20,Configured target-horizon purge before validation and test boundaries.
Phase 2B Layer 1 screening,daily,target_direction_5d,60,,all,unassigned_purge_embargo_dates,12,Global date-level split gap across both boundaries.
Phase 2B Layer 1 screening,daily,target_log_realized_vol_5d,60,,all,unassigned_purge_embargo_dates,12,Global date-level split gap across both boundaries.
Phase 2B Layer 1 screening,daily,target_stress_10d,60,,all,unassigned_purge_embargo_dates,22,Global date-level split gap across both boundaries.
Phase 2B Layer 1 screening,daily,target_direction_5d,60,,all,unobserved_or_calendar_aligned_ohlcv,51986,Daily calendar alignment retains rows without observed OHLC; crypto has no such rows.
Phase 2B Layer 1 screening,daily,target_log_realized_vol_5d,60,,all,unobserved_or_calendar_aligned_ohlcv,51986,Daily calendar alignment retains rows without observed OHLC; crypto has no such rows.
Phase 2B Layer 1 screening,daily,target_stress_10d,60,,all,unobserved_or_calendar_aligned_ohlcv,51986,Daily calendar alignment retains rows without observed OHLC; crypto has no such rows.
Phase 2B Layer 2 benchmark,crypto_hourly,target_direction_4h,168,,test,asset_segment_below_lookback,15010,Rows belong to assets excluded because at least one required segment is shorter than lookback.
Phase 2B Layer 2 benchmark,crypto_hourly,target_log_realized_vol_4h,168,,test,asset_segment_below_lookback,15010,Rows belong to assets excluded because at least one required segment is shorter than lookback.
Phase 2B Layer 2 benchmark,crypto_hourly,target_stress_24h,168,,test,asset_segment_below_lookback,14990,Rows belong to assets excluded because at least one required segment is shorter than lookback.
Phase 2B Layer 2 benchmark,crypto_hourly,target_direction_4h,168,,train,asset_segment_below_lookback,0,Rows belong to assets excluded because at least one required segment is shorter than lookback.
Phase 2B Layer 2 benchmark,crypto_hourly,target_log_realized_vol_4h,168,,train,asset_segment_below_lookback,0,Rows belong to assets excluded because at least one required segment is shorter than lookback.
Phase 2B Layer 2 benchmark,crypto_hourly,target_stress_24h,168,,train,asset_segment_below_lookback,0,Rows belong to assets excluded because at least one required segment is shorter than lookback.
Phase 2B Layer 2 benchmark,crypto_hourly,target_direction_4h,168,,validation,asset_segment_below_lookback,0,Rows belong to assets excluded because at least one required segment is shorter than lookback.
Phase 2B Layer 2 benchmark,crypto_hourly,target_log_realized_vol_4h,168,,validation,asset_segment_below_lookback,0,Rows belong to assets excluded because at least one required segment is shorter than lookback.
Phase 2B Layer 2 benchmark,crypto_hourly,target_stress_24h,168,,validation,asset_segment_below_lookback,0,Rows belong to assets excluded because at least one required segment is shorter than lookback.
Phase 2B Layer 2 benchmark,crypto_hourly,target_direction_4h,168,,all,embargo_dates,2,Configured post-boundary embargo before validation and test segments.
Phase 2B Layer 2 benchmark,crypto_hourly,target_log_realized_vol_4h,168,,all,embargo_dates,2,Configured post-boundary embargo before validation and test segments.
Phase 2B Layer 2 benchmark,crypto_hourly,target_stress_24h,168,,all,embargo_dates,2,Configured post-boundary embargo before validation and test segments.
Phase 2B Layer 2 benchmark,crypto_hourly,target_direction_4h,168,,all,feature_imputation_cases,5098,"Audit count only; this is retained, not an exclusion."
Phase 2B Layer 2 benchmark,crypto_hourly,target_log_realized_vol_4h,168,,all,feature_imputation_cases,5098,"Audit count only; this is retained, not an exclusion."
Phase 2B Layer 2 benchmark,crypto_hourly,target_stress_24h,168,,all,feature_imputation_cases,5098,"Audit count only; this is retained, not an exclusion."
Phase 2B Layer 2 benchmark,crypto_hourly,target_direction_4h,168,,all,feature_missingness_removed,0,Features are train-only median-imputed; missing feature rows are not dropped.
Phase 2B Layer 2 benchmark,crypto_hourly,target_log_realized_vol_4h,168,,all,feature_missingness_removed,0,Features are train-only median-imputed; missing feature rows are not dropped.
Phase 2B Layer 2 benchmark,crypto_hourly,target_stress_24h,168,,all,feature_missingness_removed,0,Features are train-only median-imputed; missing feature rows are not dropped.
Phase 2B Layer 2 benchmark,crypto_hourly,target_direction_4h,168,,all,future_target_horizon_tail,80,At most the final target-horizon observed rows per asset cannot have a complete future label.
Phase 2B Layer 2 benchmark,crypto_hourly,target_log_realized_vol_4h,168,,all,future_target_horizon_tail,80,At most the final target-horizon observed rows per asset cannot have a complete future label.
Phase 2B Layer 2 benchmark,crypto_hourly,target_stress_24h,168,,all,future_target_horizon_tail,480,At most the final target-horizon observed rows per asset cannot have a complete future label.
Phase 2B Layer 2 benchmark,crypto_hourly,target_direction_4h,168,,test,intentional_sampling_cap,0,Deterministic per-asset cap; zero for full-eligible stages.
Phase 2B Layer 2 benchmark,crypto_hourly,target_log_realized_vol_4h,168,,test,intentional_sampling_cap,0,Deterministic per-asset cap; zero for full-eligible stages.
Phase 2B Layer 2 benchmark,crypto_hourly,target_stress_24h,168,,test,intentional_sampling_cap,0,Deterministic per-asset cap; zero for full-eligible stages.
Phase 2B Layer 2 benchmark,crypto_hourly,target_direction_4h,168,,train,intentional_sampling_cap,0,Deterministic per-asset cap; zero for full-eligible stages.
Phase 2B Layer 2 benchmark,crypto_hourly,target_log_realized_vol_4h,168,,train,intentional_sampling_cap,0,Deterministic per-asset cap; zero for full-eligible stages.
Phase 2B Layer 2 benchmark,crypto_hourly,target_stress_24h,168,,train,intentional_sampling_cap,0,Deterministic per-asset cap; zero for full-eligible stages.
Phase 2B Layer 2 benchmark,crypto_hourly,target_direction_4h,168,,validation,intentional_sampling_cap,0,Deterministic per-asset cap; zero for full-eligible stages.
Phase 2B Layer 2 benchmark,crypto_hourly,target_log_realized_vol_4h,168,,validation,intentional_sampling_cap,0,Deterministic per-asset cap; zero for full-eligible stages.
Phase 2B Layer 2 benchmark,crypto_hourly,target_stress_24h,168,,validation,intentional_sampling_cap,0,Deterministic per-asset cap; zero for full-eligible stages.
Phase 2B Layer 2 benchmark,crypto_hourly,target_direction_4h,168,,test,lookback_warmup,3173,Strict windows do not cross a split boundary; each represented asset loses lookback - 1 endpoints per segment.
Phase 2B Layer 2 benchmark,crypto_hourly,target_log_realized_vol_4h,168,,test,lookback_warmup,3173,Strict windows do not cross a split boundary; each represented asset loses lookback - 1 endpoints per segment.
Phase 2B Layer 2 benchmark,crypto_hourly,target_stress_24h,168,,test,lookback_warmup,3173,Strict windows do not cross a split boundary; each represented asset loses lookback - 1 endpoints per segment.
Phase 2B Layer 2 benchmark,crypto_hourly,target_direction_4h,168,,train,lookback_warmup,3173,Strict windows do not cross a split boundary; each represented asset loses lookback - 1 endpoints per segment.
Phase 2B Layer 2 benchmark,crypto_hourly,target_log_realized_vol_4h,168,,train,lookback_warmup,3173,Strict windows do not cross a split boundary; each represented asset loses lookback - 1 endpoints per segment.
Phase 2B Layer 2 benchmark,crypto_hourly,target_stress_24h,168,,train,lookback_warmup,3173,Strict windows do not cross a split boundary; each represented asset loses lookback - 1 endpoints per segment.
Phase 2B Layer 2 benchmark,crypto_hourly,target_direction_4h,168,,validation,lookback_warmup,3173,Strict windows do not cross a split boundary; each represented asset loses lookback - 1 endpoints per segment.
Phase 2B Layer 2 benchmark,crypto_hourly,target_log_realized_vol_4h,168,,validation,lookback_warmup,3173,Strict windows do not cross a split boundary; each represented asset loses lookback - 1 endpoints per segment.
Phase 2B Layer 2 benchmark,crypto_hourly,target_stress_24h,168,,validation,lookback_warmup,3173,Strict windows do not cross a split boundary; each represented asset loses lookback - 1 endpoints per segment.
Phase 2B Layer 2 benchmark,crypto_hourly,target_direction_4h,168,,all,other_observed_target_unavailable,0,"Observed rows without a valid target beyond the terminal horizon, typically because the target's required future/past inputs are unavailable."
Phase 2B Layer 2 benchmark,crypto_hourly,target_log_realized_vol_4h,168,,all,other_observed_target_unavailable,0,"Observed rows without a valid target beyond the terminal horizon, typically because the target's required future/past inputs are unavailable."
Phase 2B Layer 2 benchmark,crypto_hourly,target_stress_24h,168,,all,other_observed_target_unavailable,0,"Observed rows without a valid target beyond the terminal horizon, typically because the target's required future/past inputs are unavailable."
Phase 2B Layer 2 benchmark,crypto_hourly,target_direction_4h,168,,all,purge_dates,8,Configured target-horizon purge before validation and test boundaries.
Phase 2B Layer 2 benchmark,crypto_hourly,target_log_realized_vol_4h,168,,all,purge_dates,8,Configured target-horizon purge before validation and test boundaries.
Phase 2B Layer 2 benchmark,crypto_hourly,target_stress_24h,168,,all,purge_dates,48,Configured target-horizon purge before validation and test boundaries.
Phase 2B Layer 2 benchmark,crypto_hourly,target_direction_4h,168,,all,unassigned_purge_embargo_dates,10,Global date-level split gap across both boundaries.
Phase 2B Layer 2 benchmark,crypto_hourly,target_log_realized_vol_4h,168,,all,unassigned_purge_embargo_dates,10,Global date-level split gap across both boundaries.
Phase 2B Layer 2 benchmark,crypto_hourly,target_stress_24h,168,,all,unassigned_purge_embargo_dates,50,Global date-level split gap across both boundaries.
Phase 2B Layer 2 benchmark,crypto_hourly,target_direction_4h,168,,all,unobserved_or_calendar_aligned_ohlcv,0,Daily calendar alignment retains rows without observed OHLC; crypto has no such rows.
Phase 2B Layer 2 benchmark,crypto_hourly,target_log_realized_vol_4h,168,,all,unobserved_or_calendar_aligned_ohlcv,0,Daily calendar alignment retains rows without observed OHLC; crypto has no such rows.
Phase 2B Layer 2 benchmark,crypto_hourly,target_stress_24h,168,,all,unobserved_or_calendar_aligned_ohlcv,0,Daily calendar alignment retains rows without observed OHLC; crypto has no such rows.
Phase 2B Layer 2 benchmark,daily,target_direction_5d,60,,test,asset_segment_below_lookback,2190,Rows belong to assets excluded because at least one required segment is shorter than lookback.
Phase 2B Layer 2 benchmark,daily,target_log_realized_vol_5d,60,,test,asset_segment_below_lookback,2190,Rows belong to assets excluded because at least one required segment is shorter than lookback.
Phase 2B Layer 2 benchmark,daily,target_stress_10d,60,,test,asset_segment_below_lookback,3282,Rows belong to assets excluded because at least one required segment is shorter than lookback.
Phase 2B Layer 2 benchmark,daily,target_direction_5d,60,,train,asset_segment_below_lookback,0,Rows belong to assets excluded because at least one required segment is shorter than lookback.
Phase 2B Layer 2 benchmark,daily,target_log_realized_vol_5d,60,,train,asset_segment_below_lookback,8274,Rows belong to assets excluded because at least one required segment is shorter than lookback.
Phase 2B Layer 2 benchmark,daily,target_stress_10d,60,,train,asset_segment_below_lookback,8296,Rows belong to assets excluded because at least one required segment is shorter than lookback.
Phase 2B Layer 2 benchmark,daily,target_direction_5d,60,,validation,asset_segment_below_lookback,2023,Rows belong to assets excluded because at least one required segment is shorter than lookback.
Phase 2B Layer 2 benchmark,daily,target_log_realized_vol_5d,60,,validation,asset_segment_below_lookback,2023,Rows belong to assets excluded because at least one required segment is shorter than lookback.
Phase 2B Layer 2 benchmark,daily,target_stress_10d,60,,validation,asset_segment_below_lookback,3088,Rows belong to assets excluded because at least one required segment is shorter than lookback.
Phase 2B Layer 2 benchmark,daily,target_direction_5d,60,,all,embargo_dates,2,Configured post-boundary embargo before validation and test segments.
Phase 2B Layer 2 benchmark,daily,target_log_realized_vol_5d,60,,all,embargo_dates,2,Configured post-boundary embargo before validation and test segments.
Phase 2B Layer 2 benchmark,daily,target_stress_10d,60,,all,embargo_dates,2,Configured post-boundary embargo before validation and test segments.
Phase 2B Layer 2 benchmark,daily,target_direction_5d,60,,all,feature_imputation_cases,250394,"Audit count only; this is retained, not an exclusion."
Phase 2B Layer 2 benchmark,daily,target_log_realized_vol_5d,60,,all,feature_imputation_cases,238333,"Audit count only; this is retained, not an exclusion."
Phase 2B Layer 2 benchmark,daily,target_stress_10d,60,,all,feature_imputation_cases,238221,"Audit count only; this is retained, not an exclusion."
Phase 2B Layer 2 benchmark,daily,target_direction_5d,60,,all,feature_missingness_removed,0,Features are train-only median-imputed; missing feature rows are not dropped.
Phase 2B Layer 2 benchmark,daily,target_log_realized_vol_5d,60,,all,feature_missingness_removed,0,Features are train-only median-imputed; missing feature rows are not dropped.
Phase 2B Layer 2 benchmark,daily,target_stress_10d,60,,all,feature_missingness_removed,0,Features are train-only median-imputed; missing feature rows are not dropped.
Phase 2B Layer 2 benchmark,daily,target_direction_5d,60,,all,future_target_horizon_tail,400,At most the final target-horizon observed rows per asset cannot have a complete future label.
Phase 2B Layer 2 benchmark,daily,target_log_realized_vol_5d,60,,all,future_target_horizon_tail,400,At most the final target-horizon observed rows per asset cannot have a complete future label.
Phase 2B Layer 2 benchmark,daily,target_stress_10d,60,,all,future_target_horizon_tail,800,At most the final target-horizon observed rows per asset cannot have a complete future label.
Phase 2B Layer 2 benchmark,daily,target_direction_5d,60,,test,intentional_sampling_cap,0,Deterministic per-asset cap; zero for full-eligible stages.
Phase 2B Layer 2 benchmark,daily,target_log_realized_vol_5d,60,,test,intentional_sampling_cap,0,Deterministic per-asset cap; zero for full-eligible stages.
Phase 2B Layer 2 benchmark,daily,target_stress_10d,60,,test,intentional_sampling_cap,0,Deterministic per-asset cap; zero for full-eligible stages.
Phase 2B Layer 2 benchmark,daily,target_direction_5d,60,,train,intentional_sampling_cap,0,Deterministic per-asset cap; zero for full-eligible stages.
Phase 2B Layer 2 benchmark,daily,target_log_realized_vol_5d,60,,train,intentional_sampling_cap,0,Deterministic per-asset cap; zero for full-eligible stages.
Phase 2B Layer 2 benchmark,daily,target_stress_10d,60,,train,intentional_sampling_cap,0,Deterministic per-asset cap; zero for full-eligible stages.
Phase 2B Layer 2 benchmark,daily,target_direction_5d,60,,validation,intentional_sampling_cap,0,Deterministic per-asset cap; zero for full-eligible stages.
Phase 2B Layer 2 benchmark,daily,target_log_realized_vol_5d,60,,validation,intentional_sampling_cap,0,Deterministic per-asset cap; zero for full-eligible stages.
Phase 2B Layer 2 benchmark,daily,target_stress_10d,60,,validation,intentional_sampling_cap,0,Deterministic per-asset cap; zero for full-eligible stages.
Phase 2B Layer 2 benchmark,daily,target_direction_5d,60,,test,lookback_warmup,4602,Strict windows do not cross a split boundary; each represented asset loses lookback - 1 endpoints per segment.
Phase 2B Layer 2 benchmark,daily,target_log_realized_vol_5d,60,,test,lookback_warmup,4189,Strict windows do not cross a split boundary; each represented asset loses lookback - 1 endpoints per segment.
Phase 2B Layer 2 benchmark,daily,target_stress_10d,60,,test,lookback_warmup,4130,Strict windows do not cross a split boundary; each represented asset loses lookback - 1 endpoints per segment.
Phase 2B Layer 2 benchmark,daily,target_direction_5d,60,,train,lookback_warmup,4602,Strict windows do not cross a split boundary; each represented asset loses lookback - 1 endpoints per segment.
Phase 2B Layer 2 benchmark,daily,target_log_realized_vol_5d,60,,train,lookback_warmup,4189,Strict windows do not cross a split boundary; each represented asset loses lookback - 1 endpoints per segment.
Phase 2B Layer 2 benchmark,daily,target_stress_10d,60,,train,lookback_warmup,4130,Strict windows do not cross a split boundary; each represented asset loses lookback - 1 endpoints per segment.
Phase 2B Layer 2 benchmark,daily,target_direction_5d,60,,validation,lookback_warmup,4602,Strict windows do not cross a split boundary; each represented asset loses lookback - 1 endpoints per segment.
Phase 2B Layer 2 benchmark,daily,target_log_realized_vol_5d,60,,validation,lookback_warmup,4189,Strict windows do not cross a split boundary; each represented asset loses lookback - 1 endpoints per segment.
Phase 2B Layer 2 benchmark,daily,target_stress_10d,60,,validation,lookback_warmup,4130,Strict windows do not cross a split boundary; each represented asset loses lookback - 1 endpoints per segment.
Phase 2B Layer 2 benchmark,daily,target_direction_5d,60,,all,other_observed_target_unavailable,8626,"Observed rows without a valid target beyond the terminal horizon, typically because the target's required future/past inputs are unavailable."
Phase 2B Layer 2 benchmark,daily,target_log_realized_vol_5d,60,,all,other_observed_target_unavailable,20687,"Observed rows without a valid target beyond the terminal horizon, typically because the target's required future/past inputs are unavailable."
Phase 2B Layer 2 benchmark,daily,target_stress_10d,60,,all,other_observed_target_unavailable,20687,"Observed rows without a valid target beyond the terminal horizon, typically because the target's required future/past inputs are unavailable."
Phase 2B Layer 2 benchmark,daily,target_direction_5d,60,,all,purge_dates,10,Configured target-horizon purge before validation and test boundaries.
Phase 2B Layer 2 benchmark,daily,target_log_realized_vol_5d,60,,all,purge_dates,10,Configured target-horizon purge before validation and test boundaries.
Phase 2B Layer 2 benchmark,daily,target_stress_10d,60,,all,purge_dates,20,Configured target-horizon purge before validation and test boundaries.
Phase 2B Layer 2 benchmark,daily,target_direction_5d,60,,all,unassigned_purge_embargo_dates,12,Global date-level split gap across both boundaries.
Phase 2B Layer 2 benchmark,daily,target_log_realized_vol_5d,60,,all,unassigned_purge_embargo_dates,12,Global date-level split gap across both boundaries.
Phase 2B Layer 2 benchmark,daily,target_stress_10d,60,,all,unassigned_purge_embargo_dates,22,Global date-level split gap across both boundaries.
Phase 2B Layer 2 benchmark,daily,target_direction_5d,60,,all,unobserved_or_calendar_aligned_ohlcv,51986,Daily calendar alignment retains rows without observed OHLC; crypto has no such rows.
Phase 2B Layer 2 benchmark,daily,target_log_realized_vol_5d,60,,all,unobserved_or_calendar_aligned_ohlcv,51986,Daily calendar alignment retains rows without observed OHLC; crypto has no such rows.
Phase 2B Layer 2 benchmark,daily,target_stress_10d,60,,all,unobserved_or_calendar_aligned_ohlcv,51986,Daily calendar alignment retains rows without observed OHLC; crypto has no such rows.
Phase 2C pooled full-universe,crypto_hourly,target_direction_4h,48,,test,asset_segment_below_lookback,2170,Rows belong to assets excluded because at least one required segment is shorter than lookback.
Phase 2C pooled full-universe,crypto_hourly,target_direction_4h,48,,test,asset_segment_below_lookback,6420,Rows belong to assets excluded because at least one required segment is shorter than lookback.
Phase 2C pooled full-universe,crypto_hourly,target_direction_4h,48,,test,asset_segment_below_lookback,0,Rows belong to assets excluded because at least one required segment is shorter than lookback.
Phase 2C pooled full-universe,crypto_hourly,target_direction_4h,168,,test,asset_segment_below_lookback,2170,Rows belong to assets excluded because at least one required segment is shorter than lookback.
Phase 2C pooled full-universe,crypto_hourly,target_direction_4h,168,,test,asset_segment_below_lookback,6420,Rows belong to assets excluded because at least one required segment is shorter than lookback.
Phase 2C pooled full-universe,crypto_hourly,target_direction_4h,168,,test,asset_segment_below_lookback,0,Rows belong to assets excluded because at least one required segment is shorter than lookback.
Phase 2C pooled full-universe,crypto_hourly,target_direction_4h,720,,test,asset_segment_below_lookback,2170,Rows belong to assets excluded because at least one required segment is shorter than lookback.
Phase 2C pooled full-universe,crypto_hourly,target_direction_4h,720,,test,asset_segment_below_lookback,6420,Rows belong to assets excluded because at least one required segment is shorter than lookback.
Phase 2C pooled full-universe,crypto_hourly,target_direction_4h,720,,test,asset_segment_below_lookback,0,Rows belong to assets excluded because at least one required segment is shorter than lookback.
Phase 2C pooled full-universe,crypto_hourly,target_log_realized_vol_4h,48,,test,asset_segment_below_lookback,2170,Rows belong to assets excluded because at least one required segment is shorter than lookback.
Phase 2C pooled full-universe,crypto_hourly,target_log_realized_vol_4h,48,,test,asset_segment_below_lookback,6420,Rows belong to assets excluded because at least one required segment is shorter than lookback.
Phase 2C pooled full-universe,crypto_hourly,target_log_realized_vol_4h,48,,test,asset_segment_below_lookback,0,Rows belong to assets excluded because at least one required segment is shorter than lookback.
Phase 2C pooled full-universe,crypto_hourly,target_log_realized_vol_4h,168,,test,asset_segment_below_lookback,2170,Rows belong to assets excluded because at least one required segment is shorter than lookback.
Phase 2C pooled full-universe,crypto_hourly,target_log_realized_vol_4h,168,,test,asset_segment_below_lookback,6420,Rows belong to assets excluded because at least one required segment is shorter than lookback.
Phase 2C pooled full-universe,crypto_hourly,target_log_realized_vol_4h,168,,test,asset_segment_below_lookback,0,Rows belong to assets excluded because at least one required segment is shorter than lookback.
Phase 2C pooled full-universe,crypto_hourly,target_log_realized_vol_4h,720,,test,asset_segment_below_lookback,2170,Rows belong to assets excluded because at least one required segment is shorter than lookback.
Phase 2C pooled full-universe,crypto_hourly,target_log_realized_vol_4h,720,,test,asset_segment_below_lookback,6420,Rows belong to assets excluded because at least one required segment is shorter than lookback.
Phase 2C pooled full-universe,crypto_hourly,target_log_realized_vol_4h,720,,test,asset_segment_below_lookback,0,Rows belong to assets excluded because at least one required segment is shorter than lookback.
Phase 2C pooled full-universe,crypto_hourly,target_stress_24h,48,,test,asset_segment_below_lookback,2154,Rows belong to assets excluded because at least one required segment is shorter than lookback.
Phase 2C pooled full-universe,crypto_hourly,target_stress_24h,48,,test,asset_segment_below_lookback,6418,Rows belong to assets excluded because at least one required segment is shorter than lookback.
Phase 2C pooled full-universe,crypto_hourly,target_stress_24h,48,,test,asset_segment_below_lookback,0,Rows belong to assets excluded because at least one required segment is shorter than lookback.
Phase 2C pooled full-universe,crypto_hourly,target_stress_24h,168,,test,asset_segment_below_lookback,2154,Rows belong to assets excluded because at least one required segment is shorter than lookback.
Phase 2C pooled full-universe,crypto_hourly,target_stress_24h,168,,test,asset_segment_below_lookback,6418,Rows belong to assets excluded because at least one required segment is shorter than lookback.
Phase 2C pooled full-universe,crypto_hourly,target_stress_24h,168,,test,asset_segment_below_lookback,0,Rows belong to assets excluded because at least one required segment is shorter than lookback.
Phase 2C pooled full-universe,crypto_hourly,target_stress_24h,720,,test,asset_segment_below_lookback,2154,Rows belong to assets excluded because at least one required segment is shorter than lookback.
Phase 2C pooled full-universe,crypto_hourly,target_stress_24h,720,,test,asset_segment_below_lookback,6418,Rows belong to assets excluded because at least one required segment is shorter than lookback.
Phase 2C pooled full-universe,crypto_hourly,target_stress_24h,720,,test,asset_segment_below_lookback,0,Rows belong to assets excluded because at least one required segment is shorter than lookback.
Phase 2C pooled full-universe,crypto_hourly,target_direction_4h,48,,train,asset_segment_below_lookback,0,Rows belong to assets excluded because at least one required segment is shorter than lookback.
Phase 2C pooled full-universe,crypto_hourly,target_direction_4h,48,,train,asset_segment_below_lookback,0,Rows belong to assets excluded because at least one required segment is shorter than lookback.
Phase 2C pooled full-universe,crypto_hourly,target_direction_4h,48,,train,asset_segment_below_lookback,0,Rows belong to assets excluded because at least one required segment is shorter than lookback.
Phase 2C pooled full-universe,crypto_hourly,target_direction_4h,168,,train,asset_segment_below_lookback,0,Rows belong to assets excluded because at least one required segment is shorter than lookback.
Phase 2C pooled full-universe,crypto_hourly,target_direction_4h,168,,train,asset_segment_below_lookback,0,Rows belong to assets excluded because at least one required segment is shorter than lookback.
Phase 2C pooled full-universe,crypto_hourly,target_direction_4h,168,,train,asset_segment_below_lookback,0,Rows belong to assets excluded because at least one required segment is shorter than lookback.
Phase 2C pooled full-universe,crypto_hourly,target_direction_4h,720,,train,asset_segment_below_lookback,0,Rows belong to assets excluded because at least one required segment is shorter than lookback.
Phase 2C pooled full-universe,crypto_hourly,target_direction_4h,720,,train,asset_segment_below_lookback,0,Rows belong to assets excluded because at least one required segment is shorter than lookback.
Phase 2C pooled full-universe,crypto_hourly,target_direction_4h,720,,train,asset_segment_below_lookback,0,Rows belong to assets excluded because at least one required segment is shorter than lookback.
Phase 2C pooled full-universe,crypto_hourly,target_log_realized_vol_4h,48,,train,asset_segment_below_lookback,0,Rows belong to assets excluded because at least one required segment is shorter than lookback.
Phase 2C pooled full-universe,crypto_hourly,target_log_realized_vol_4h,48,,train,asset_segment_below_lookback,0,Rows belong to assets excluded because at least one required segment is shorter than lookback.
Phase 2C pooled full-universe,crypto_hourly,target_log_realized_vol_4h,48,,train,asset_segment_below_lookback,0,Rows belong to assets excluded because at least one required segment is shorter than lookback.
Phase 2C pooled full-universe,crypto_hourly,target_log_realized_vol_4h,168,,train,asset_segment_below_lookback,0,Rows belong to assets excluded because at least one required segment is shorter than lookback.
Phase 2C pooled full-universe,crypto_hourly,target_log_realized_vol_4h,168,,train,asset_segment_below_lookback,0,Rows belong to assets excluded because at least one required segment is shorter than lookback.
Phase 2C pooled full-universe,crypto_hourly,target_log_realized_vol_4h,168,,train,asset_segment_below_lookback,0,Rows belong to assets excluded because at least one required segment is shorter than lookback.
Phase 2C pooled full-universe,crypto_hourly,target_log_realized_vol_4h,720,,train,asset_segment_below_lookback,0,Rows belong to assets excluded because at least one required segment is shorter than lookback.
Phase 2C pooled full-universe,crypto_hourly,target_log_realized_vol_4h,720,,train,asset_segment_below_lookback,0,Rows belong to assets excluded because at least one required segment is shorter than lookback.
Phase 2C pooled full-universe,crypto_hourly,target_log_realized_vol_4h,720,,train,asset_segment_below_lookback,0,Rows belong to assets excluded because at least one required segment is shorter than lookback.
Phase 2C pooled full-universe,crypto_hourly,target_stress_24h,48,,train,asset_segment_below_lookback,0,Rows belong to assets excluded because at least one required segment is shorter than lookback.
Phase 2C pooled full-universe,crypto_hourly,target_stress_24h,48,,train,asset_segment_below_lookback,0,Rows belong to assets excluded because at least one required segment is shorter than lookback.
Phase 2C pooled full-universe,crypto_hourly,target_stress_24h,48,,train,asset_segment_below_lookback,0,Rows belong to assets excluded because at least one required segment is shorter than lookback.
Phase 2C pooled full-universe,crypto_hourly,target_stress_24h,168,,train,asset_segment_below_lookback,0,Rows belong to assets excluded because at least one required segment is shorter than lookback.
Phase 2C pooled full-universe,crypto_hourly,target_stress_24h,168,,train,asset_segment_below_lookback,0,Rows belong to assets excluded because at least one required segment is shorter than lookback.
Phase 2C pooled full-universe,crypto_hourly,target_stress_24h,168,,train,asset_segment_below_lookback,0,Rows belong to assets excluded because at least one required segment is shorter than lookback.
Phase 2C pooled full-universe,crypto_hourly,target_stress_24h,720,,train,asset_segment_below_lookback,0,Rows belong to assets excluded because at least one required segment is shorter than lookback.
Phase 2C pooled full-universe,crypto_hourly,target_stress_24h,720,,train,asset_segment_below_lookback,0,Rows belong to assets excluded because at least one required segment is shorter than lookback.
Phase 2C pooled full-universe,crypto_hourly,target_stress_24h,720,,train,asset_segment_below_lookback,0,Rows belong to assets excluded because at least one required segment is shorter than lookback.
Phase 2C pooled full-universe,crypto_hourly,target_direction_4h,48,,validation,asset_segment_below_lookback,0,Rows belong to assets excluded because at least one required segment is shorter than lookback.
Phase 2C pooled full-universe,crypto_hourly,target_direction_4h,48,,validation,asset_segment_below_lookback,2165,Rows belong to assets excluded because at least one required segment is shorter than lookback.
Phase 2C pooled full-universe,crypto_hourly,target_direction_4h,48,,validation,asset_segment_below_lookback,0,Rows belong to assets excluded because at least one required segment is shorter than lookback.
Phase 2C pooled full-universe,crypto_hourly,target_direction_4h,168,,validation,asset_segment_below_lookback,0,Rows belong to assets excluded because at least one required segment is shorter than lookback.
Phase 2C pooled full-universe,crypto_hourly,target_direction_4h,168,,validation,asset_segment_below_lookback,2165,Rows belong to assets excluded because at least one required segment is shorter than lookback.
Phase 2C pooled full-universe,crypto_hourly,target_direction_4h,168,,validation,asset_segment_below_lookback,0,Rows belong to assets excluded because at least one required segment is shorter than lookback.
Phase 2C pooled full-universe,crypto_hourly,target_direction_4h,720,,validation,asset_segment_below_lookback,0,Rows belong to assets excluded because at least one required segment is shorter than lookback.
Phase 2C pooled full-universe,crypto_hourly,target_direction_4h,720,,validation,asset_segment_below_lookback,2165,Rows belong to assets excluded because at least one required segment is shorter than lookback.
Phase 2C pooled full-universe,crypto_hourly,target_direction_4h,720,,validation,asset_segment_below_lookback,0,Rows belong to assets excluded because at least one required segment is shorter than lookback.
Phase 2C pooled full-universe,crypto_hourly,target_log_realized_vol_4h,48,,validation,asset_segment_below_lookback,0,Rows belong to assets excluded because at least one required segment is shorter than lookback.
Phase 2C pooled full-universe,crypto_hourly,target_log_realized_vol_4h,48,,validation,asset_segment_below_lookback,2165,Rows belong to assets excluded because at least one required segment is shorter than lookback.
Phase 2C pooled full-universe,crypto_hourly,target_log_realized_vol_4h,48,,validation,asset_segment_below_lookback,0,Rows belong to assets excluded because at least one required segment is shorter than lookback.
Phase 2C pooled full-universe,crypto_hourly,target_log_realized_vol_4h,168,,validation,asset_segment_below_lookback,0,Rows belong to assets excluded because at least one required segment is shorter than lookback.
Phase 2C pooled full-universe,crypto_hourly,target_log_realized_vol_4h,168,,validation,asset_segment_below_lookback,2165,Rows belong to assets excluded because at least one required segment is shorter than lookback.
Phase 2C pooled full-universe,crypto_hourly,target_log_realized_vol_4h,168,,validation,asset_segment_below_lookback,0,Rows belong to assets excluded because at least one required segment is shorter than lookback.
Phase 2C pooled full-universe,crypto_hourly,target_log_realized_vol_4h,720,,validation,asset_segment_below_lookback,0,Rows belong to assets excluded because at least one required segment is shorter than lookback.
Phase 2C pooled full-universe,crypto_hourly,target_log_realized_vol_4h,720,,validation,asset_segment_below_lookback,2165,Rows belong to assets excluded because at least one required segment is shorter than lookback.
Phase 2C pooled full-universe,crypto_hourly,target_log_realized_vol_4h,720,,validation,asset_segment_below_lookback,0,Rows belong to assets excluded because at least one required segment is shorter than lookback.
Phase 2C pooled full-universe,crypto_hourly,target_stress_24h,48,,validation,asset_segment_below_lookback,0,Rows belong to assets excluded because at least one required segment is shorter than lookback.
Phase 2C pooled full-universe,crypto_hourly,target_stress_24h,48,,validation,asset_segment_below_lookback,2129,Rows belong to assets excluded because at least one required segment is shorter than lookback.
Phase 2C pooled full-universe,crypto_hourly,target_stress_24h,48,,validation,asset_segment_below_lookback,0,Rows belong to assets excluded because at least one required segment is shorter than lookback.
Phase 2C pooled full-universe,crypto_hourly,target_stress_24h,168,,validation,asset_segment_below_lookback,0,Rows belong to assets excluded because at least one required segment is shorter than lookback.
Phase 2C pooled full-universe,crypto_hourly,target_stress_24h,168,,validation,asset_segment_below_lookback,2129,Rows belong to assets excluded because at least one required segment is shorter than lookback.
Phase 2C pooled full-universe,crypto_hourly,target_stress_24h,168,,validation,asset_segment_below_lookback,0,Rows belong to assets excluded because at least one required segment is shorter than lookback.
Phase 2C pooled full-universe,crypto_hourly,target_stress_24h,720,,validation,asset_segment_below_lookback,0,Rows belong to assets excluded because at least one required segment is shorter than lookback.
Phase 2C pooled full-universe,crypto_hourly,target_stress_24h,720,,validation,asset_segment_below_lookback,2129,Rows belong to assets excluded because at least one required segment is shorter than lookback.
Phase 2C pooled full-universe,crypto_hourly,target_stress_24h,720,,validation,asset_segment_below_lookback,0,Rows belong to assets excluded because at least one required segment is shorter than lookback.
Phase 2C pooled full-universe,crypto_hourly,target_direction_4h,48,,all,embargo_dates,2,Configured post-boundary embargo before validation and test segments.
Phase 2C pooled full-universe,crypto_hourly,target_direction_4h,48,,all,embargo_dates,2,Configured post-boundary embargo before validation and test segments.
Phase 2C pooled full-universe,crypto_hourly,target_direction_4h,48,,all,embargo_dates,2,Configured post-boundary embargo before validation and test segments.
Phase 2C pooled full-universe,crypto_hourly,target_direction_4h,168,,all,embargo_dates,2,Configured post-boundary embargo before validation and test segments.
Phase 2C pooled full-universe,crypto_hourly,target_direction_4h,168,,all,embargo_dates,2,Configured post-boundary embargo before validation and test segments.
Phase 2C pooled full-universe,crypto_hourly,target_direction_4h,168,,all,embargo_dates,2,Configured post-boundary embargo before validation and test segments.
Phase 2C pooled full-universe,crypto_hourly,target_direction_4h,720,,all,embargo_dates,2,Configured post-boundary embargo before validation and test segments.
Phase 2C pooled full-universe,crypto_hourly,target_direction_4h,720,,all,embargo_dates,2,Configured post-boundary embargo before validation and test segments.
Phase 2C pooled full-universe,crypto_hourly,target_direction_4h,720,,all,embargo_dates,2,Configured post-boundary embargo before validation and test segments.
Phase 2C pooled full-universe,crypto_hourly,target_log_realized_vol_4h,48,,all,embargo_dates,2,Configured post-boundary embargo before validation and test segments.
Phase 2C pooled full-universe,crypto_hourly,target_log_realized_vol_4h,48,,all,embargo_dates,2,Configured post-boundary embargo before validation and test segments.
Phase 2C pooled full-universe,crypto_hourly,target_log_realized_vol_4h,48,,all,embargo_dates,2,Configured post-boundary embargo before validation and test segments.
Phase 2C pooled full-universe,crypto_hourly,target_log_realized_vol_4h,168,,all,embargo_dates,2,Configured post-boundary embargo before validation and test segments.
Phase 2C pooled full-universe,crypto_hourly,target_log_realized_vol_4h,168,,all,embargo_dates,2,Configured post-boundary embargo before validation and test segments.
Phase 2C pooled full-universe,crypto_hourly,target_log_realized_vol_4h,168,,all,embargo_dates,2,Configured post-boundary embargo before validation and test segments.
Phase 2C pooled full-universe,crypto_hourly,target_log_realized_vol_4h,720,,all,embargo_dates,2,Configured post-boundary embargo before validation and test segments.
Phase 2C pooled full-universe,crypto_hourly,target_log_realized_vol_4h,720,,all,embargo_dates,2,Configured post-boundary embargo before validation and test segments.
Phase 2C pooled full-universe,crypto_hourly,target_log_realized_vol_4h,720,,all,embargo_dates,2,Configured post-boundary embargo before validation and test segments.
Phase 2C pooled full-universe,crypto_hourly,target_stress_24h,48,,all,embargo_dates,2,Configured post-boundary embargo before validation and test segments.
Phase 2C pooled full-universe,crypto_hourly,target_stress_24h,48,,all,embargo_dates,2,Configured post-boundary embargo before validation and test segments.
Phase 2C pooled full-universe,crypto_hourly,target_stress_24h,48,,all,embargo_dates,2,Configured post-boundary embargo before validation and test segments.
Phase 2C pooled full-universe,crypto_hourly,target_stress_24h,168,,all,embargo_dates,2,Configured post-boundary embargo before validation and test segments.
Phase 2C pooled full-universe,crypto_hourly,target_stress_24h,168,,all,embargo_dates,2,Configured post-boundary embargo before validation and test segments.
Phase 2C pooled full-universe,crypto_hourly,target_stress_24h,168,,all,embargo_dates,2,Configured post-boundary embargo before validation and test segments.
Phase 2C pooled full-universe,crypto_hourly,target_stress_24h,720,,all,embargo_dates,2,Configured post-boundary embargo before validation and test segments.
Phase 2C pooled full-universe,crypto_hourly,target_stress_24h,720,,all,embargo_dates,2,Configured post-boundary embargo before validation and test segments.
Phase 2C pooled full-universe,crypto_hourly,target_stress_24h,720,,all,embargo_dates,2,Configured post-boundary embargo before validation and test segments.
Phase 2C pooled full-universe,crypto_hourly,target_direction_4h,48,,all,feature_imputation_cases,5098,"Audit count only; this is retained, not an exclusion."
Phase 2C pooled full-universe,crypto_hourly,target_direction_4h,48,,all,feature_imputation_cases,5098,"Audit count only; this is retained, not an exclusion."
Phase 2C pooled full-universe,crypto_hourly,target_direction_4h,48,,all,feature_imputation_cases,5098,"Audit count only; this is retained, not an exclusion."
Phase 2C pooled full-universe,crypto_hourly,target_direction_4h,168,,all,feature_imputation_cases,5098,"Audit count only; this is retained, not an exclusion."
Phase 2C pooled full-universe,crypto_hourly,target_direction_4h,168,,all,feature_imputation_cases,5098,"Audit count only; this is retained, not an exclusion."
Phase 2C pooled full-universe,crypto_hourly,target_direction_4h,168,,all,feature_imputation_cases,5098,"Audit count only; this is retained, not an exclusion."
Phase 2C pooled full-universe,crypto_hourly,target_direction_4h,720,,all,feature_imputation_cases,5098,"Audit count only; this is retained, not an exclusion."
Phase 2C pooled full-universe,crypto_hourly,target_direction_4h,720,,all,feature_imputation_cases,5098,"Audit count only; this is retained, not an exclusion."
Phase 2C pooled full-universe,crypto_hourly,target_direction_4h,720,,all,feature_imputation_cases,5098,"Audit count only; this is retained, not an exclusion."
Phase 2C pooled full-universe,crypto_hourly,target_log_realized_vol_4h,48,,all,feature_imputation_cases,5098,"Audit count only; this is retained, not an exclusion."
Phase 2C pooled full-universe,crypto_hourly,target_log_realized_vol_4h,48,,all,feature_imputation_cases,5098,"Audit count only; this is retained, not an exclusion."
Phase 2C pooled full-universe,crypto_hourly,target_log_realized_vol_4h,48,,all,feature_imputation_cases,5098,"Audit count only; this is retained, not an exclusion."
Phase 2C pooled full-universe,crypto_hourly,target_log_realized_vol_4h,168,,all,feature_imputation_cases,5098,"Audit count only; this is retained, not an exclusion."
Phase 2C pooled full-universe,crypto_hourly,target_log_realized_vol_4h,168,,all,feature_imputation_cases,5098,"Audit count only; this is retained, not an exclusion."
Phase 2C pooled full-universe,crypto_hourly,target_log_realized_vol_4h,168,,all,feature_imputation_cases,5098,"Audit count only; this is retained, not an exclusion."
Phase 2C pooled full-universe,crypto_hourly,target_log_realized_vol_4h,720,,all,feature_imputation_cases,5098,"Audit count only; this is retained, not an exclusion."
Phase 2C pooled full-universe,crypto_hourly,target_log_realized_vol_4h,720,,all,feature_imputation_cases,5098,"Audit count only; this is retained, not an exclusion."
Phase 2C pooled full-universe,crypto_hourly,target_log_realized_vol_4h,720,,all,feature_imputation_cases,5098,"Audit count only; this is retained, not an exclusion."
Phase 2C pooled full-universe,crypto_hourly,target_stress_24h,48,,all,feature_imputation_cases,5098,"Audit count only; this is retained, not an exclusion."
Phase 2C pooled full-universe,crypto_hourly,target_stress_24h,48,,all,feature_imputation_cases,5098,"Audit count only; this is retained, not an exclusion."
Phase 2C pooled full-universe,crypto_hourly,target_stress_24h,48,,all,feature_imputation_cases,5098,"Audit count only; this is retained, not an exclusion."
Phase 2C pooled full-universe,crypto_hourly,target_stress_24h,168,,all,feature_imputation_cases,5098,"Audit count only; this is retained, not an exclusion."
Phase 2C pooled full-universe,crypto_hourly,target_stress_24h,168,,all,feature_imputation_cases,5098,"Audit count only; this is retained, not an exclusion."
Phase 2C pooled full-universe,crypto_hourly,target_stress_24h,168,,all,feature_imputation_cases,5098,"Audit count only; this is retained, not an exclusion."
Phase 2C pooled full-universe,crypto_hourly,target_stress_24h,720,,all,feature_imputation_cases,5098,"Audit count only; this is retained, not an exclusion."
Phase 2C pooled full-universe,crypto_hourly,target_stress_24h,720,,all,feature_imputation_cases,5098,"Audit count only; this is retained, not an exclusion."
Phase 2C pooled full-universe,crypto_hourly,target_stress_24h,720,,all,feature_imputation_cases,5098,"Audit count only; this is retained, not an exclusion."
Phase 2C pooled full-universe,crypto_hourly,target_direction_4h,48,,all,feature_missingness_removed,0,Features are train-only median-imputed; missing feature rows are not dropped.
Phase 2C pooled full-universe,crypto_hourly,target_direction_4h,48,,all,feature_missingness_removed,0,Features are train-only median-imputed; missing feature rows are not dropped.
Phase 2C pooled full-universe,crypto_hourly,target_direction_4h,48,,all,feature_missingness_removed,0,Features are train-only median-imputed; missing feature rows are not dropped.
Phase 2C pooled full-universe,crypto_hourly,target_direction_4h,168,,all,feature_missingness_removed,0,Features are train-only median-imputed; missing feature rows are not dropped.
Phase 2C pooled full-universe,crypto_hourly,target_direction_4h,168,,all,feature_missingness_removed,0,Features are train-only median-imputed; missing feature rows are not dropped.
Phase 2C pooled full-universe,crypto_hourly,target_direction_4h,168,,all,feature_missingness_removed,0,Features are train-only median-imputed; missing feature rows are not dropped.
Phase 2C pooled full-universe,crypto_hourly,target_direction_4h,720,,all,feature_missingness_removed,0,Features are train-only median-imputed; missing feature rows are not dropped.
Phase 2C pooled full-universe,crypto_hourly,target_direction_4h,720,,all,feature_missingness_removed,0,Features are train-only median-imputed; missing feature rows are not dropped.
Phase 2C pooled full-universe,crypto_hourly,target_direction_4h,720,,all,feature_missingness_removed,0,Features are train-only median-imputed; missing feature rows are not dropped.
Phase 2C pooled full-universe,crypto_hourly,target_log_realized_vol_4h,48,,all,feature_missingness_removed,0,Features are train-only median-imputed; missing feature rows are not dropped.
Phase 2C pooled full-universe,crypto_hourly,target_log_realized_vol_4h,48,,all,feature_missingness_removed,0,Features are train-only median-imputed; missing feature rows are not dropped.
Phase 2C pooled full-universe,crypto_hourly,target_log_realized_vol_4h,48,,all,feature_missingness_removed,0,Features are train-only median-imputed; missing feature rows are not dropped.
Phase 2C pooled full-universe,crypto_hourly,target_log_realized_vol_4h,168,,all,feature_missingness_removed,0,Features are train-only median-imputed; missing feature rows are not dropped.
Phase 2C pooled full-universe,crypto_hourly,target_log_realized_vol_4h,168,,all,feature_missingness_removed,0,Features are train-only median-imputed; missing feature rows are not dropped.
Phase 2C pooled full-universe,crypto_hourly,target_log_realized_vol_4h,168,,all,feature_missingness_removed,0,Features are train-only median-imputed; missing feature rows are not dropped.
Phase 2C pooled full-universe,crypto_hourly,target_log_realized_vol_4h,720,,all,feature_missingness_removed,0,Features are train-only median-imputed; missing feature rows are not dropped.
Phase 2C pooled full-universe,crypto_hourly,target_log_realized_vol_4h,720,,all,feature_missingness_removed,0,Features are train-only median-imputed; missing feature rows are not dropped.
Phase 2C pooled full-universe,crypto_hourly,target_log_realized_vol_4h,720,,all,feature_missingness_removed,0,Features are train-only median-imputed; missing feature rows are not dropped.
Phase 2C pooled full-universe,crypto_hourly,target_stress_24h,48,,all,feature_missingness_removed,0,Features are train-only median-imputed; missing feature rows are not dropped.
Phase 2C pooled full-universe,crypto_hourly,target_stress_24h,48,,all,feature_missingness_removed,0,Features are train-only median-imputed; missing feature rows are not dropped.
Phase 2C pooled full-universe,crypto_hourly,target_stress_24h,48,,all,feature_missingness_removed,0,Features are train-only median-imputed; missing feature rows are not dropped.
Phase 2C pooled full-universe,crypto_hourly,target_stress_24h,168,,all,feature_missingness_removed,0,Features are train-only median-imputed; missing feature rows are not dropped.
Phase 2C pooled full-universe,crypto_hourly,target_stress_24h,168,,all,feature_missingness_removed,0,Features are train-only median-imputed; missing feature rows are not dropped.
Phase 2C pooled full-universe,crypto_hourly,target_stress_24h,168,,all,feature_missingness_removed,0,Features are train-only median-imputed; missing feature rows are not dropped.
Phase 2C pooled full-universe,crypto_hourly,target_stress_24h,720,,all,feature_missingness_removed,0,Features are train-only median-imputed; missing feature rows are not dropped.
Phase 2C pooled full-universe,crypto_hourly,target_stress_24h,720,,all,feature_missingness_removed,0,Features are train-only median-imputed; missing feature rows are not dropped.
Phase 2C pooled full-universe,crypto_hourly,target_stress_24h,720,,all,feature_missingness_removed,0,Features are train-only median-imputed; missing feature rows are not dropped.
Phase 2C pooled full-universe,crypto_hourly,target_direction_4h,48,,all,future_target_horizon_tail,80,At most the final target-horizon observed rows per asset cannot have a complete future label.
Phase 2C pooled full-universe,crypto_hourly,target_direction_4h,48,,all,future_target_horizon_tail,80,At most the final target-horizon observed rows per asset cannot have a complete future label.
Phase 2C pooled full-universe,crypto_hourly,target_direction_4h,48,,all,future_target_horizon_tail,80,At most the final target-horizon observed rows per asset cannot have a complete future label.
Phase 2C pooled full-universe,crypto_hourly,target_direction_4h,168,,all,future_target_horizon_tail,80,At most the final target-horizon observed rows per asset cannot have a complete future label.
Phase 2C pooled full-universe,crypto_hourly,target_direction_4h,168,,all,future_target_horizon_tail,80,At most the final target-horizon observed rows per asset cannot have a complete future label.
Phase 2C pooled full-universe,crypto_hourly,target_direction_4h,168,,all,future_target_horizon_tail,80,At most the final target-horizon observed rows per asset cannot have a complete future label.
Phase 2C pooled full-universe,crypto_hourly,target_direction_4h,720,,all,future_target_horizon_tail,80,At most the final target-horizon observed rows per asset cannot have a complete future label.
Phase 2C pooled full-universe,crypto_hourly,target_direction_4h,720,,all,future_target_horizon_tail,80,At most the final target-horizon observed rows per asset cannot have a complete future label.
Phase 2C pooled full-universe,crypto_hourly,target_direction_4h,720,,all,future_target_horizon_tail,80,At most the final target-horizon observed rows per asset cannot have a complete future label.
Phase 2C pooled full-universe,crypto_hourly,target_log_realized_vol_4h,48,,all,future_target_horizon_tail,80,At most the final target-horizon observed rows per asset cannot have a complete future label.
Phase 2C pooled full-universe,crypto_hourly,target_log_realized_vol_4h,48,,all,future_target_horizon_tail,80,At most the final target-horizon observed rows per asset cannot have a complete future label.
Phase 2C pooled full-universe,crypto_hourly,target_log_realized_vol_4h,48,,all,future_target_horizon_tail,80,At most the final target-horizon observed rows per asset cannot have a complete future label.
Phase 2C pooled full-universe,crypto_hourly,target_log_realized_vol_4h,168,,all,future_target_horizon_tail,80,At most the final target-horizon observed rows per asset cannot have a complete future label.
Phase 2C pooled full-universe,crypto_hourly,target_log_realized_vol_4h,168,,all,future_target_horizon_tail,80,At most the final target-horizon observed rows per asset cannot have a complete future label.
Phase 2C pooled full-universe,crypto_hourly,target_log_realized_vol_4h,168,,all,future_target_horizon_tail,80,At most the final target-horizon observed rows per asset cannot have a complete future label.
Phase 2C pooled full-universe,crypto_hourly,target_log_realized_vol_4h,720,,all,future_target_horizon_tail,80,At most the final target-horizon observed rows per asset cannot have a complete future label.
Phase 2C pooled full-universe,crypto_hourly,target_log_realized_vol_4h,720,,all,future_target_horizon_tail,80,At most the final target-horizon observed rows per asset cannot have a complete future label.
Phase 2C pooled full-universe,crypto_hourly,target_log_realized_vol_4h,720,,all,future_target_horizon_tail,80,At most the final target-horizon observed rows per asset cannot have a complete future label.
Phase 2C pooled full-universe,crypto_hourly,target_stress_24h,48,,all,future_target_horizon_tail,480,At most the final target-horizon observed rows per asset cannot have a complete future label.
Phase 2C pooled full-universe,crypto_hourly,target_stress_24h,48,,all,future_target_horizon_tail,480,At most the final target-horizon observed rows per asset cannot have a complete future label.
Phase 2C pooled full-universe,crypto_hourly,target_stress_24h,48,,all,future_target_horizon_tail,480,At most the final target-horizon observed rows per asset cannot have a complete future label.
Phase 2C pooled full-universe,crypto_hourly,target_stress_24h,168,,all,future_target_horizon_tail,480,At most the final target-horizon observed rows per asset cannot have a complete future label.
Phase 2C pooled full-universe,crypto_hourly,target_stress_24h,168,,all,future_target_horizon_tail,480,At most the final target-horizon observed rows per asset cannot have a complete future label.
Phase 2C pooled full-universe,crypto_hourly,target_stress_24h,168,,all,future_target_horizon_tail,480,At most the final target-horizon observed rows per asset cannot have a complete future label.
Phase 2C pooled full-universe,crypto_hourly,target_stress_24h,720,,all,future_target_horizon_tail,480,At most the final target-horizon observed rows per asset cannot have a complete future label.
Phase 2C pooled full-universe,crypto_hourly,target_stress_24h,720,,all,future_target_horizon_tail,480,At most the final target-horizon observed rows per asset cannot have a complete future label.
Phase 2C pooled full-universe,crypto_hourly,target_stress_24h,720,,all,future_target_horizon_tail,480,At most the final target-horizon observed rows per asset cannot have a complete future label.
Phase 2C pooled full-universe,crypto_hourly,target_direction_4h,48,,test,intentional_sampling_cap,0,Deterministic per-asset cap; zero for full-eligible stages.
Phase 2C pooled full-universe,crypto_hourly,target_direction_4h,48,,test,intentional_sampling_cap,0,Deterministic per-asset cap; zero for full-eligible stages.
Phase 2C pooled full-universe,crypto_hourly,target_direction_4h,48,,test,intentional_sampling_cap,0,Deterministic per-asset cap; zero for full-eligible stages.
Phase 2C pooled full-universe,crypto_hourly,target_direction_4h,168,,test,intentional_sampling_cap,0,Deterministic per-asset cap; zero for full-eligible stages.
Phase 2C pooled full-universe,crypto_hourly,target_direction_4h,168,,test,intentional_sampling_cap,0,Deterministic per-asset cap; zero for full-eligible stages.
Phase 2C pooled full-universe,crypto_hourly,target_direction_4h,168,,test,intentional_sampling_cap,0,Deterministic per-asset cap; zero for full-eligible stages.
Phase 2C pooled full-universe,crypto_hourly,target_direction_4h,720,,test,intentional_sampling_cap,0,Deterministic per-asset cap; zero for full-eligible stages.
Phase 2C pooled full-universe,crypto_hourly,target_direction_4h,720,,test,intentional_sampling_cap,0,Deterministic per-asset cap; zero for full-eligible stages.
Phase 2C pooled full-universe,crypto_hourly,target_direction_4h,720,,test,intentional_sampling_cap,0,Deterministic per-asset cap; zero for full-eligible stages.
Phase 2C pooled full-universe,crypto_hourly,target_log_realized_vol_4h,48,,test,intentional_sampling_cap,0,Deterministic per-asset cap; zero for full-eligible stages.
Phase 2C pooled full-universe,crypto_hourly,target_log_realized_vol_4h,48,,test,intentional_sampling_cap,0,Deterministic per-asset cap; zero for full-eligible stages.
Phase 2C pooled full-universe,crypto_hourly,target_log_realized_vol_4h,48,,test,intentional_sampling_cap,0,Deterministic per-asset cap; zero for full-eligible stages.
Phase 2C pooled full-universe,crypto_hourly,target_log_realized_vol_4h,168,,test,intentional_sampling_cap,0,Deterministic per-asset cap; zero for full-eligible stages.
Phase 2C pooled full-universe,crypto_hourly,target_log_realized_vol_4h,168,,test,intentional_sampling_cap,0,Deterministic per-asset cap; zero for full-eligible stages.
Phase 2C pooled full-universe,crypto_hourly,target_log_realized_vol_4h,168,,test,intentional_sampling_cap,0,Deterministic per-asset cap; zero for full-eligible stages.
Phase 2C pooled full-universe,crypto_hourly,target_log_realized_vol_4h,720,,test,intentional_sampling_cap,0,Deterministic per-asset cap; zero for full-eligible stages.
Phase 2C pooled full-universe,crypto_hourly,target_log_realized_vol_4h,720,,test,intentional_sampling_cap,0,Deterministic per-asset cap; zero for full-eligible stages.
Phase 2C pooled full-universe,crypto_hourly,target_log_realized_vol_4h,720,,test,intentional_sampling_cap,0,Deterministic per-asset cap; zero for full-eligible stages.
Phase 2C pooled full-universe,crypto_hourly,target_stress_24h,48,,test,intentional_sampling_cap,0,Deterministic per-asset cap; zero for full-eligible stages.
Phase 2C pooled full-universe,crypto_hourly,target_stress_24h,48,,test,intentional_sampling_cap,0,Deterministic per-asset cap; zero for full-eligible stages.
Phase 2C pooled full-universe,crypto_hourly,target_stress_24h,48,,test,intentional_sampling_cap,0,Deterministic per-asset cap; zero for full-eligible stages.
Phase 2C pooled full-universe,crypto_hourly,target_stress_24h,168,,test,intentional_sampling_cap,0,Deterministic per-asset cap; zero for full-eligible stages.
Phase 2C pooled full-universe,crypto_hourly,target_stress_24h,168,,test,intentional_sampling_cap,0,Deterministic per-asset cap; zero for full-eligible stages.
Phase 2C pooled full-universe,crypto_hourly,target_stress_24h,168,,test,intentional_sampling_cap,0,Deterministic per-asset cap; zero for full-eligible stages.
Phase 2C pooled full-universe,crypto_hourly,target_stress_24h,720,,test,intentional_sampling_cap,0,Deterministic per-asset cap; zero for full-eligible stages.
Phase 2C pooled full-universe,crypto_hourly,target_stress_24h,720,,test,intentional_sampling_cap,0,Deterministic per-asset cap; zero for full-eligible stages.
Phase 2C pooled full-universe,crypto_hourly,target_stress_24h,720,,test,intentional_sampling_cap,0,Deterministic per-asset cap; zero for full-eligible stages.
Phase 2C pooled full-universe,crypto_hourly,target_direction_4h,48,,train,intentional_sampling_cap,0,Deterministic per-asset cap; zero for full-eligible stages.
Phase 2C pooled full-universe,crypto_hourly,target_direction_4h,48,,train,intentional_sampling_cap,0,Deterministic per-asset cap; zero for full-eligible stages.
Phase 2C pooled full-universe,crypto_hourly,target_direction_4h,48,,train,intentional_sampling_cap,0,Deterministic per-asset cap; zero for full-eligible stages.
Phase 2C pooled full-universe,crypto_hourly,target_direction_4h,168,,train,intentional_sampling_cap,0,Deterministic per-asset cap; zero for full-eligible stages.
Phase 2C pooled full-universe,crypto_hourly,target_direction_4h,168,,train,intentional_sampling_cap,0,Deterministic per-asset cap; zero for full-eligible stages.
Phase 2C pooled full-universe,crypto_hourly,target_direction_4h,168,,train,intentional_sampling_cap,0,Deterministic per-asset cap; zero for full-eligible stages.
Phase 2C pooled full-universe,crypto_hourly,target_direction_4h,720,,train,intentional_sampling_cap,0,Deterministic per-asset cap; zero for full-eligible stages.
Phase 2C pooled full-universe,crypto_hourly,target_direction_4h,720,,train,intentional_sampling_cap,0,Deterministic per-asset cap; zero for full-eligible stages.
Phase 2C pooled full-universe,crypto_hourly,target_direction_4h,720,,train,intentional_sampling_cap,0,Deterministic per-asset cap; zero for full-eligible stages.
Phase 2C pooled full-universe,crypto_hourly,target_log_realized_vol_4h,48,,train,intentional_sampling_cap,0,Deterministic per-asset cap; zero for full-eligible stages.
Phase 2C pooled full-universe,crypto_hourly,target_log_realized_vol_4h,48,,train,intentional_sampling_cap,0,Deterministic per-asset cap; zero for full-eligible stages.
Phase 2C pooled full-universe,crypto_hourly,target_log_realized_vol_4h,48,,train,intentional_sampling_cap,0,Deterministic per-asset cap; zero for full-eligible stages.
Phase 2C pooled full-universe,crypto_hourly,target_log_realized_vol_4h,168,,train,intentional_sampling_cap,0,Deterministic per-asset cap; zero for full-eligible stages.
Phase 2C pooled full-universe,crypto_hourly,target_log_realized_vol_4h,168,,train,intentional_sampling_cap,0,Deterministic per-asset cap; zero for full-eligible stages.
Phase 2C pooled full-universe,crypto_hourly,target_log_realized_vol_4h,168,,train,intentional_sampling_cap,0,Deterministic per-asset cap; zero for full-eligible stages.
Phase 2C pooled full-universe,crypto_hourly,target_log_realized_vol_4h,720,,train,intentional_sampling_cap,0,Deterministic per-asset cap; zero for full-eligible stages.
Phase 2C pooled full-universe,crypto_hourly,target_log_realized_vol_4h,720,,train,intentional_sampling_cap,0,Deterministic per-asset cap; zero for full-eligible stages.
Phase 2C pooled full-universe,crypto_hourly,target_log_realized_vol_4h,720,,train,intentional_sampling_cap,0,Deterministic per-asset cap; zero for full-eligible stages.
Phase 2C pooled full-universe,crypto_hourly,target_stress_24h,48,,train,intentional_sampling_cap,0,Deterministic per-asset cap; zero for full-eligible stages.
Phase 2C pooled full-universe,crypto_hourly,target_stress_24h,48,,train,intentional_sampling_cap,0,Deterministic per-asset cap; zero for full-eligible stages.
Phase 2C pooled full-universe,crypto_hourly,target_stress_24h,48,,train,intentional_sampling_cap,0,Deterministic per-asset cap; zero for full-eligible stages.
Phase 2C pooled full-universe,crypto_hourly,target_stress_24h,168,,train,intentional_sampling_cap,0,Deterministic per-asset cap; zero for full-eligible stages.
Phase 2C pooled full-universe,crypto_hourly,target_stress_24h,168,,train,intentional_sampling_cap,0,Deterministic per-asset cap; zero for full-eligible stages.
Phase 2C pooled full-universe,crypto_hourly,target_stress_24h,168,,train,intentional_sampling_cap,0,Deterministic per-asset cap; zero for full-eligible stages.
Phase 2C pooled full-universe,crypto_hourly,target_stress_24h,720,,train,intentional_sampling_cap,0,Deterministic per-asset cap; zero for full-eligible stages.
Phase 2C pooled full-universe,crypto_hourly,target_stress_24h,720,,train,intentional_sampling_cap,0,Deterministic per-asset cap; zero for full-eligible stages.
Phase 2C pooled full-universe,crypto_hourly,target_stress_24h,720,,train,intentional_sampling_cap,0,Deterministic per-asset cap; zero for full-eligible stages.
Phase 2C pooled full-universe,crypto_hourly,target_direction_4h,48,,validation,intentional_sampling_cap,0,Deterministic per-asset cap; zero for full-eligible stages.
Phase 2C pooled full-universe,crypto_hourly,target_direction_4h,48,,validation,intentional_sampling_cap,0,Deterministic per-asset cap; zero for full-eligible stages.
Phase 2C pooled full-universe,crypto_hourly,target_direction_4h,48,,validation,intentional_sampling_cap,0,Deterministic per-asset cap; zero for full-eligible stages.
Phase 2C pooled full-universe,crypto_hourly,target_direction_4h,168,,validation,intentional_sampling_cap,0,Deterministic per-asset cap; zero for full-eligible stages.
Phase 2C pooled full-universe,crypto_hourly,target_direction_4h,168,,validation,intentional_sampling_cap,0,Deterministic per-asset cap; zero for full-eligible stages.
Phase 2C pooled full-universe,crypto_hourly,target_direction_4h,168,,validation,intentional_sampling_cap,0,Deterministic per-asset cap; zero for full-eligible stages.
Phase 2C pooled full-universe,crypto_hourly,target_direction_4h,720,,validation,intentional_sampling_cap,0,Deterministic per-asset cap; zero for full-eligible stages.
Phase 2C pooled full-universe,crypto_hourly,target_direction_4h,720,,validation,intentional_sampling_cap,0,Deterministic per-asset cap; zero for full-eligible stages.
Phase 2C pooled full-universe,crypto_hourly,target_direction_4h,720,,validation,intentional_sampling_cap,0,Deterministic per-asset cap; zero for full-eligible stages.
Phase 2C pooled full-universe,crypto_hourly,target_log_realized_vol_4h,48,,validation,intentional_sampling_cap,0,Deterministic per-asset cap; zero for full-eligible stages.
Phase 2C pooled full-universe,crypto_hourly,target_log_realized_vol_4h,48,,validation,intentional_sampling_cap,0,Deterministic per-asset cap; zero for full-eligible stages.
Phase 2C pooled full-universe,crypto_hourly,target_log_realized_vol_4h,48,,validation,intentional_sampling_cap,0,Deterministic per-asset cap; zero for full-eligible stages.
Phase 2C pooled full-universe,crypto_hourly,target_log_realized_vol_4h,168,,validation,intentional_sampling_cap,0,Deterministic per-asset cap; zero for full-eligible stages.
Phase 2C pooled full-universe,crypto_hourly,target_log_realized_vol_4h,168,,validation,intentional_sampling_cap,0,Deterministic per-asset cap; zero for full-eligible stages.
Phase 2C pooled full-universe,crypto_hourly,target_log_realized_vol_4h,168,,validation,intentional_sampling_cap,0,Deterministic per-asset cap; zero for full-eligible stages.
Phase 2C pooled full-universe,crypto_hourly,target_log_realized_vol_4h,720,,validation,intentional_sampling_cap,0,Deterministic per-asset cap; zero for full-eligible stages.
Phase 2C pooled full-universe,crypto_hourly,target_log_realized_vol_4h,720,,validation,intentional_sampling_cap,0,Deterministic per-asset cap; zero for full-eligible stages.
Phase 2C pooled full-universe,crypto_hourly,target_log_realized_vol_4h,720,,validation,intentional_sampling_cap,0,Deterministic per-asset cap; zero for full-eligible stages.
Phase 2C pooled full-universe,crypto_hourly,target_stress_24h,48,,validation,intentional_sampling_cap,0,Deterministic per-asset cap; zero for full-eligible stages.
Phase 2C pooled full-universe,crypto_hourly,target_stress_24h,48,,validation,intentional_sampling_cap,0,Deterministic per-asset cap; zero for full-eligible stages.
Phase 2C pooled full-universe,crypto_hourly,target_stress_24h,48,,validation,intentional_sampling_cap,0,Deterministic per-asset cap; zero for full-eligible stages.
Phase 2C pooled full-universe,crypto_hourly,target_stress_24h,168,,validation,intentional_sampling_cap,0,Deterministic per-asset cap; zero for full-eligible stages.
Phase 2C pooled full-universe,crypto_hourly,target_stress_24h,168,,validation,intentional_sampling_cap,0,Deterministic per-asset cap; zero for full-eligible stages.
Phase 2C pooled full-universe,crypto_hourly,target_stress_24h,168,,validation,intentional_sampling_cap,0,Deterministic per-asset cap; zero for full-eligible stages.
Phase 2C pooled full-universe,crypto_hourly,target_stress_24h,720,,validation,intentional_sampling_cap,0,Deterministic per-asset cap; zero for full-eligible stages.
Phase 2C pooled full-universe,crypto_hourly,target_stress_24h,720,,validation,intentional_sampling_cap,0,Deterministic per-asset cap; zero for full-eligible stages.
Phase 2C pooled full-universe,crypto_hourly,target_stress_24h,720,,validation,intentional_sampling_cap,0,Deterministic per-asset cap; zero for full-eligible stages.
Phase 2C pooled full-universe,crypto_hourly,target_direction_4h,48,,test,lookback_warmup,893,Strict windows do not cross a split boundary; each represented asset loses lookback - 1 endpoints per segment.
Phase 2C pooled full-universe,crypto_hourly,target_direction_4h,48,,test,lookback_warmup,893,Strict windows do not cross a split boundary; each represented asset loses lookback - 1 endpoints per segment.
Phase 2C pooled full-universe,crypto_hourly,target_direction_4h,48,,test,lookback_warmup,940,Strict windows do not cross a split boundary; each represented asset loses lookback - 1 endpoints per segment.
Phase 2C pooled full-universe,crypto_hourly,target_direction_4h,168,,test,lookback_warmup,3173,Strict windows do not cross a split boundary; each represented asset loses lookback - 1 endpoints per segment.
Phase 2C pooled full-universe,crypto_hourly,target_direction_4h,168,,test,lookback_warmup,3173,Strict windows do not cross a split boundary; each represented asset loses lookback - 1 endpoints per segment.
Phase 2C pooled full-universe,crypto_hourly,target_direction_4h,168,,test,lookback_warmup,3340,Strict windows do not cross a split boundary; each represented asset loses lookback - 1 endpoints per segment.
Phase 2C pooled full-universe,crypto_hourly,target_direction_4h,720,,test,lookback_warmup,13661,Strict windows do not cross a split boundary; each represented asset loses lookback - 1 endpoints per segment.
Phase 2C pooled full-universe,crypto_hourly,target_direction_4h,720,,test,lookback_warmup,13661,Strict windows do not cross a split boundary; each represented asset loses lookback - 1 endpoints per segment.
Phase 2C pooled full-universe,crypto_hourly,target_direction_4h,720,,test,lookback_warmup,14380,Strict windows do not cross a split boundary; each represented asset loses lookback - 1 endpoints per segment.
Phase 2C pooled full-universe,crypto_hourly,target_log_realized_vol_4h,48,,test,lookback_warmup,893,Strict windows do not cross a split boundary; each represented asset loses lookback - 1 endpoints per segment.
Phase 2C pooled full-universe,crypto_hourly,target_log_realized_vol_4h,48,,test,lookback_warmup,893,Strict windows do not cross a split boundary; each represented asset loses lookback - 1 endpoints per segment.
Phase 2C pooled full-universe,crypto_hourly,target_log_realized_vol_4h,48,,test,lookback_warmup,940,Strict windows do not cross a split boundary; each represented asset loses lookback - 1 endpoints per segment.
Phase 2C pooled full-universe,crypto_hourly,target_log_realized_vol_4h,168,,test,lookback_warmup,3173,Strict windows do not cross a split boundary; each represented asset loses lookback - 1 endpoints per segment.
Phase 2C pooled full-universe,crypto_hourly,target_log_realized_vol_4h,168,,test,lookback_warmup,3173,Strict windows do not cross a split boundary; each represented asset loses lookback - 1 endpoints per segment.
Phase 2C pooled full-universe,crypto_hourly,target_log_realized_vol_4h,168,,test,lookback_warmup,3340,Strict windows do not cross a split boundary; each represented asset loses lookback - 1 endpoints per segment.
Phase 2C pooled full-universe,crypto_hourly,target_log_realized_vol_4h,720,,test,lookback_warmup,13661,Strict windows do not cross a split boundary; each represented asset loses lookback - 1 endpoints per segment.
Phase 2C pooled full-universe,crypto_hourly,target_log_realized_vol_4h,720,,test,lookback_warmup,13661,Strict windows do not cross a split boundary; each represented asset loses lookback - 1 endpoints per segment.
Phase 2C pooled full-universe,crypto_hourly,target_log_realized_vol_4h,720,,test,lookback_warmup,14380,Strict windows do not cross a split boundary; each represented asset loses lookback - 1 endpoints per segment.
Phase 2C pooled full-universe,crypto_hourly,target_stress_24h,48,,test,lookback_warmup,893,Strict windows do not cross a split boundary; each represented asset loses lookback - 1 endpoints per segment.
Phase 2C pooled full-universe,crypto_hourly,target_stress_24h,48,,test,lookback_warmup,893,Strict windows do not cross a split boundary; each represented asset loses lookback - 1 endpoints per segment.
Phase 2C pooled full-universe,crypto_hourly,target_stress_24h,48,,test,lookback_warmup,940,Strict windows do not cross a split boundary; each represented asset loses lookback - 1 endpoints per segment.
Phase 2C pooled full-universe,crypto_hourly,target_stress_24h,168,,test,lookback_warmup,3173,Strict windows do not cross a split boundary; each represented asset loses lookback - 1 endpoints per segment.
Phase 2C pooled full-universe,crypto_hourly,target_stress_24h,168,,test,lookback_warmup,3173,Strict windows do not cross a split boundary; each represented asset loses lookback - 1 endpoints per segment.
Phase 2C pooled full-universe,crypto_hourly,target_stress_24h,168,,test,lookback_warmup,3340,Strict windows do not cross a split boundary; each represented asset loses lookback - 1 endpoints per segment.
Phase 2C pooled full-universe,crypto_hourly,target_stress_24h,720,,test,lookback_warmup,13661,Strict windows do not cross a split boundary; each represented asset loses lookback - 1 endpoints per segment.
Phase 2C pooled full-universe,crypto_hourly,target_stress_24h,720,,test,lookback_warmup,13661,Strict windows do not cross a split boundary; each represented asset loses lookback - 1 endpoints per segment.
Phase 2C pooled full-universe,crypto_hourly,target_stress_24h,720,,test,lookback_warmup,14380,Strict windows do not cross a split boundary; each represented asset loses lookback - 1 endpoints per segment.
Phase 2C pooled full-universe,crypto_hourly,target_direction_4h,48,,train,lookback_warmup,893,Strict windows do not cross a split boundary; each represented asset loses lookback - 1 endpoints per segment.
Phase 2C pooled full-universe,crypto_hourly,target_direction_4h,48,,train,lookback_warmup,893,Strict windows do not cross a split boundary; each represented asset loses lookback - 1 endpoints per segment.
Phase 2C pooled full-universe,crypto_hourly,target_direction_4h,48,,train,lookback_warmup,940,Strict windows do not cross a split boundary; each represented asset loses lookback - 1 endpoints per segment.
Phase 2C pooled full-universe,crypto_hourly,target_direction_4h,168,,train,lookback_warmup,3173,Strict windows do not cross a split boundary; each represented asset loses lookback - 1 endpoints per segment.
Phase 2C pooled full-universe,crypto_hourly,target_direction_4h,168,,train,lookback_warmup,3173,Strict windows do not cross a split boundary; each represented asset loses lookback - 1 endpoints per segment.
Phase 2C pooled full-universe,crypto_hourly,target_direction_4h,168,,train,lookback_warmup,3340,Strict windows do not cross a split boundary; each represented asset loses lookback - 1 endpoints per segment.
Phase 2C pooled full-universe,crypto_hourly,target_direction_4h,720,,train,lookback_warmup,13661,Strict windows do not cross a split boundary; each represented asset loses lookback - 1 endpoints per segment.
Phase 2C pooled full-universe,crypto_hourly,target_direction_4h,720,,train,lookback_warmup,13661,Strict windows do not cross a split boundary; each represented asset loses lookback - 1 endpoints per segment.
Phase 2C pooled full-universe,crypto_hourly,target_direction_4h,720,,train,lookback_warmup,14380,Strict windows do not cross a split boundary; each represented asset loses lookback - 1 endpoints per segment.
Phase 2C pooled full-universe,crypto_hourly,target_log_realized_vol_4h,48,,train,lookback_warmup,893,Strict windows do not cross a split boundary; each represented asset loses lookback - 1 endpoints per segment.
Phase 2C pooled full-universe,crypto_hourly,target_log_realized_vol_4h,48,,train,lookback_warmup,893,Strict windows do not cross a split boundary; each represented asset loses lookback - 1 endpoints per segment.
Phase 2C pooled full-universe,crypto_hourly,target_log_realized_vol_4h,48,,train,lookback_warmup,940,Strict windows do not cross a split boundary; each represented asset loses lookback - 1 endpoints per segment.
Phase 2C pooled full-universe,crypto_hourly,target_log_realized_vol_4h,168,,train,lookback_warmup,3173,Strict windows do not cross a split boundary; each represented asset loses lookback - 1 endpoints per segment.
Phase 2C pooled full-universe,crypto_hourly,target_log_realized_vol_4h,168,,train,lookback_warmup,3173,Strict windows do not cross a split boundary; each represented asset loses lookback - 1 endpoints per segment.
Phase 2C pooled full-universe,crypto_hourly,target_log_realized_vol_4h,168,,train,lookback_warmup,3340,Strict windows do not cross a split boundary; each represented asset loses lookback - 1 endpoints per segment.
Phase 2C pooled full-universe,crypto_hourly,target_log_realized_vol_4h,720,,train,lookback_warmup,13661,Strict windows do not cross a split boundary; each represented asset loses lookback - 1 endpoints per segment.
Phase 2C pooled full-universe,crypto_hourly,target_log_realized_vol_4h,720,,train,lookback_warmup,13661,Strict windows do not cross a split boundary; each represented asset loses lookback - 1 endpoints per segment.
Phase 2C pooled full-universe,crypto_hourly,target_log_realized_vol_4h,720,,train,lookback_warmup,14380,Strict windows do not cross a split boundary; each represented asset loses lookback - 1 endpoints per segment.
Phase 2C pooled full-universe,crypto_hourly,target_stress_24h,48,,train,lookback_warmup,893,Strict windows do not cross a split boundary; each represented asset loses lookback - 1 endpoints per segment.
Phase 2C pooled full-universe,crypto_hourly,target_stress_24h,48,,train,lookback_warmup,893,Strict windows do not cross a split boundary; each represented asset loses lookback - 1 endpoints per segment.
Phase 2C pooled full-universe,crypto_hourly,target_stress_24h,48,,train,lookback_warmup,940,Strict windows do not cross a split boundary; each represented asset loses lookback - 1 endpoints per segment.
Phase 2C pooled full-universe,crypto_hourly,target_stress_24h,168,,train,lookback_warmup,3173,Strict windows do not cross a split boundary; each represented asset loses lookback - 1 endpoints per segment.
Phase 2C pooled full-universe,crypto_hourly,target_stress_24h,168,,train,lookback_warmup,3173,Strict windows do not cross a split boundary; each represented asset loses lookback - 1 endpoints per segment.
Phase 2C pooled full-universe,crypto_hourly,target_stress_24h,168,,train,lookback_warmup,3340,Strict windows do not cross a split boundary; each represented asset loses lookback - 1 endpoints per segment.
Phase 2C pooled full-universe,crypto_hourly,target_stress_24h,720,,train,lookback_warmup,13661,Strict windows do not cross a split boundary; each represented asset loses lookback - 1 endpoints per segment.
Phase 2C pooled full-universe,crypto_hourly,target_stress_24h,720,,train,lookback_warmup,13661,Strict windows do not cross a split boundary; each represented asset loses lookback - 1 endpoints per segment.
Phase 2C pooled full-universe,crypto_hourly,target_stress_24h,720,,train,lookback_warmup,14380,Strict windows do not cross a split boundary; each represented asset loses lookback - 1 endpoints per segment.
Phase 2C pooled full-universe,crypto_hourly,target_direction_4h,48,,validation,lookback_warmup,893,Strict windows do not cross a split boundary; each represented asset loses lookback - 1 endpoints per segment.
Phase 2C pooled full-universe,crypto_hourly,target_direction_4h,48,,validation,lookback_warmup,893,Strict windows do not cross a split boundary; each represented asset loses lookback - 1 endpoints per segment.
Phase 2C pooled full-universe,crypto_hourly,target_direction_4h,48,,validation,lookback_warmup,940,Strict windows do not cross a split boundary; each represented asset loses lookback - 1 endpoints per segment.
Phase 2C pooled full-universe,crypto_hourly,target_direction_4h,168,,validation,lookback_warmup,3173,Strict windows do not cross a split boundary; each represented asset loses lookback - 1 endpoints per segment.
Phase 2C pooled full-universe,crypto_hourly,target_direction_4h,168,,validation,lookback_warmup,3173,Strict windows do not cross a split boundary; each represented asset loses lookback - 1 endpoints per segment.
Phase 2C pooled full-universe,crypto_hourly,target_direction_4h,168,,validation,lookback_warmup,3340,Strict windows do not cross a split boundary; each represented asset loses lookback - 1 endpoints per segment.
Phase 2C pooled full-universe,crypto_hourly,target_direction_4h,720,,validation,lookback_warmup,13661,Strict windows do not cross a split boundary; each represented asset loses lookback - 1 endpoints per segment.
Phase 2C pooled full-universe,crypto_hourly,target_direction_4h,720,,validation,lookback_warmup,13661,Strict windows do not cross a split boundary; each represented asset loses lookback - 1 endpoints per segment.
Phase 2C pooled full-universe,crypto_hourly,target_direction_4h,720,,validation,lookback_warmup,14380,Strict windows do not cross a split boundary; each represented asset loses lookback - 1 endpoints per segment.
Phase 2C pooled full-universe,crypto_hourly,target_log_realized_vol_4h,48,,validation,lookback_warmup,893,Strict windows do not cross a split boundary; each represented asset loses lookback - 1 endpoints per segment.
Phase 2C pooled full-universe,crypto_hourly,target_log_realized_vol_4h,48,,validation,lookback_warmup,893,Strict windows do not cross a split boundary; each represented asset loses lookback - 1 endpoints per segment.
Phase 2C pooled full-universe,crypto_hourly,target_log_realized_vol_4h,48,,validation,lookback_warmup,940,Strict windows do not cross a split boundary; each represented asset loses lookback - 1 endpoints per segment.
Phase 2C pooled full-universe,crypto_hourly,target_log_realized_vol_4h,168,,validation,lookback_warmup,3173,Strict windows do not cross a split boundary; each represented asset loses lookback - 1 endpoints per segment.
Phase 2C pooled full-universe,crypto_hourly,target_log_realized_vol_4h,168,,validation,lookback_warmup,3173,Strict windows do not cross a split boundary; each represented asset loses lookback - 1 endpoints per segment.
Phase 2C pooled full-universe,crypto_hourly,target_log_realized_vol_4h,168,,validation,lookback_warmup,3340,Strict windows do not cross a split boundary; each represented asset loses lookback - 1 endpoints per segment.
Phase 2C pooled full-universe,crypto_hourly,target_log_realized_vol_4h,720,,validation,lookback_warmup,13661,Strict windows do not cross a split boundary; each represented asset loses lookback - 1 endpoints per segment.
Phase 2C pooled full-universe,crypto_hourly,target_log_realized_vol_4h,720,,validation,lookback_warmup,13661,Strict windows do not cross a split boundary; each represented asset loses lookback - 1 endpoints per segment.
Phase 2C pooled full-universe,crypto_hourly,target_log_realized_vol_4h,720,,validation,lookback_warmup,14380,Strict windows do not cross a split boundary; each represented asset loses lookback - 1 endpoints per segment.
Phase 2C pooled full-universe,crypto_hourly,target_stress_24h,48,,validation,lookback_warmup,893,Strict windows do not cross a split boundary; each represented asset loses lookback - 1 endpoints per segment.
Phase 2C pooled full-universe,crypto_hourly,target_stress_24h,48,,validation,lookback_warmup,893,Strict windows do not cross a split boundary; each represented asset loses lookback - 1 endpoints per segment.
Phase 2C pooled full-universe,crypto_hourly,target_stress_24h,48,,validation,lookback_warmup,940,Strict windows do not cross a split boundary; each represented asset loses lookback - 1 endpoints per segment.
Phase 2C pooled full-universe,crypto_hourly,target_stress_24h,168,,validation,lookback_warmup,3173,Strict windows do not cross a split boundary; each represented asset loses lookback - 1 endpoints per segment.
Phase 2C pooled full-universe,crypto_hourly,target_stress_24h,168,,validation,lookback_warmup,3173,Strict windows do not cross a split boundary; each represented asset loses lookback - 1 endpoints per segment.
Phase 2C pooled full-universe,crypto_hourly,target_stress_24h,168,,validation,lookback_warmup,3340,Strict windows do not cross a split boundary; each represented asset loses lookback - 1 endpoints per segment.
Phase 2C pooled full-universe,crypto_hourly,target_stress_24h,720,,validation,lookback_warmup,13661,Strict windows do not cross a split boundary; each represented asset loses lookback - 1 endpoints per segment.
Phase 2C pooled full-universe,crypto_hourly,target_stress_24h,720,,validation,lookback_warmup,13661,Strict windows do not cross a split boundary; each represented asset loses lookback - 1 endpoints per segment.
Phase 2C pooled full-universe,crypto_hourly,target_stress_24h,720,,validation,lookback_warmup,14380,Strict windows do not cross a split boundary; each represented asset loses lookback - 1 endpoints per segment.
Phase 2C pooled full-universe,crypto_hourly,target_direction_4h,48,,all,other_observed_target_unavailable,0,"Observed rows without a valid target beyond the terminal horizon, typically because the target's required future/past inputs are unavailable."
Phase 2C pooled full-universe,crypto_hourly,target_direction_4h,48,,all,other_observed_target_unavailable,0,"Observed rows without a valid target beyond the terminal horizon, typically because the target's required future/past inputs are unavailable."
Phase 2C pooled full-universe,crypto_hourly,target_direction_4h,48,,all,other_observed_target_unavailable,0,"Observed rows without a valid target beyond the terminal horizon, typically because the target's required future/past inputs are unavailable."
Phase 2C pooled full-universe,crypto_hourly,target_direction_4h,168,,all,other_observed_target_unavailable,0,"Observed rows without a valid target beyond the terminal horizon, typically because the target's required future/past inputs are unavailable."
Phase 2C pooled full-universe,crypto_hourly,target_direction_4h,168,,all,other_observed_target_unavailable,0,"Observed rows without a valid target beyond the terminal horizon, typically because the target's required future/past inputs are unavailable."
Phase 2C pooled full-universe,crypto_hourly,target_direction_4h,168,,all,other_observed_target_unavailable,0,"Observed rows without a valid target beyond the terminal horizon, typically because the target's required future/past inputs are unavailable."
Phase 2C pooled full-universe,crypto_hourly,target_direction_4h,720,,all,other_observed_target_unavailable,0,"Observed rows without a valid target beyond the terminal horizon, typically because the target's required future/past inputs are unavailable."
Phase 2C pooled full-universe,crypto_hourly,target_direction_4h,720,,all,other_observed_target_unavailable,0,"Observed rows without a valid target beyond the terminal horizon, typically because the target's required future/past inputs are unavailable."
Phase 2C pooled full-universe,crypto_hourly,target_direction_4h,720,,all,other_observed_target_unavailable,0,"Observed rows without a valid target beyond the terminal horizon, typically because the target's required future/past inputs are unavailable."
Phase 2C pooled full-universe,crypto_hourly,target_log_realized_vol_4h,48,,all,other_observed_target_unavailable,0,"Observed rows without a valid target beyond the terminal horizon, typically because the target's required future/past inputs are unavailable."
Phase 2C pooled full-universe,crypto_hourly,target_log_realized_vol_4h,48,,all,other_observed_target_unavailable,0,"Observed rows without a valid target beyond the terminal horizon, typically because the target's required future/past inputs are unavailable."
Phase 2C pooled full-universe,crypto_hourly,target_log_realized_vol_4h,48,,all,other_observed_target_unavailable,0,"Observed rows without a valid target beyond the terminal horizon, typically because the target's required future/past inputs are unavailable."
Phase 2C pooled full-universe,crypto_hourly,target_log_realized_vol_4h,168,,all,other_observed_target_unavailable,0,"Observed rows without a valid target beyond the terminal horizon, typically because the target's required future/past inputs are unavailable."
Phase 2C pooled full-universe,crypto_hourly,target_log_realized_vol_4h,168,,all,other_observed_target_unavailable,0,"Observed rows without a valid target beyond the terminal horizon, typically because the target's required future/past inputs are unavailable."
Phase 2C pooled full-universe,crypto_hourly,target_log_realized_vol_4h,168,,all,other_observed_target_unavailable,0,"Observed rows without a valid target beyond the terminal horizon, typically because the target's required future/past inputs are unavailable."
Phase 2C pooled full-universe,crypto_hourly,target_log_realized_vol_4h,720,,all,other_observed_target_unavailable,0,"Observed rows without a valid target beyond the terminal horizon, typically because the target's required future/past inputs are unavailable."
Phase 2C pooled full-universe,crypto_hourly,target_log_realized_vol_4h,720,,all,other_observed_target_unavailable,0,"Observed rows without a valid target beyond the terminal horizon, typically because the target's required future/past inputs are unavailable."
Phase 2C pooled full-universe,crypto_hourly,target_log_realized_vol_4h,720,,all,other_observed_target_unavailable,0,"Observed rows without a valid target beyond the terminal horizon, typically because the target's required future/past inputs are unavailable."
Phase 2C pooled full-universe,crypto_hourly,target_stress_24h,48,,all,other_observed_target_unavailable,0,"Observed rows without a valid target beyond the terminal horizon, typically because the target's required future/past inputs are unavailable."
Phase 2C pooled full-universe,crypto_hourly,target_stress_24h,48,,all,other_observed_target_unavailable,0,"Observed rows without a valid target beyond the terminal horizon, typically because the target's required future/past inputs are unavailable."
Phase 2C pooled full-universe,crypto_hourly,target_stress_24h,48,,all,other_observed_target_unavailable,0,"Observed rows without a valid target beyond the terminal horizon, typically because the target's required future/past inputs are unavailable."
Phase 2C pooled full-universe,crypto_hourly,target_stress_24h,168,,all,other_observed_target_unavailable,0,"Observed rows without a valid target beyond the terminal horizon, typically because the target's required future/past inputs are unavailable."
Phase 2C pooled full-universe,crypto_hourly,target_stress_24h,168,,all,other_observed_target_unavailable,0,"Observed rows without a valid target beyond the terminal horizon, typically because the target's required future/past inputs are unavailable."
Phase 2C pooled full-universe,crypto_hourly,target_stress_24h,168,,all,other_observed_target_unavailable,0,"Observed rows without a valid target beyond the terminal horizon, typically because the target's required future/past inputs are unavailable."
Phase 2C pooled full-universe,crypto_hourly,target_stress_24h,720,,all,other_observed_target_unavailable,0,"Observed rows without a valid target beyond the terminal horizon, typically because the target's required future/past inputs are unavailable."
Phase 2C pooled full-universe,crypto_hourly,target_stress_24h,720,,all,other_observed_target_unavailable,0,"Observed rows without a valid target beyond the terminal horizon, typically because the target's required future/past inputs are unavailable."
Phase 2C pooled full-universe,crypto_hourly,target_stress_24h,720,,all,other_observed_target_unavailable,0,"Observed rows without a valid target beyond the terminal horizon, typically because the target's required future/past inputs are unavailable."
Phase 2C pooled full-universe,crypto_hourly,target_direction_4h,48,,all,purge_dates,8,Configured target-horizon purge before validation and test boundaries.
Phase 2C pooled full-universe,crypto_hourly,target_direction_4h,48,,all,purge_dates,8,Configured target-horizon purge before validation and test boundaries.
Phase 2C pooled full-universe,crypto_hourly,target_direction_4h,48,,all,purge_dates,8,Configured target-horizon purge before validation and test boundaries.
Phase 2C pooled full-universe,crypto_hourly,target_direction_4h,168,,all,purge_dates,8,Configured target-horizon purge before validation and test boundaries.
Phase 2C pooled full-universe,crypto_hourly,target_direction_4h,168,,all,purge_dates,8,Configured target-horizon purge before validation and test boundaries.
Phase 2C pooled full-universe,crypto_hourly,target_direction_4h,168,,all,purge_dates,8,Configured target-horizon purge before validation and test boundaries.
Phase 2C pooled full-universe,crypto_hourly,target_direction_4h,720,,all,purge_dates,8,Configured target-horizon purge before validation and test boundaries.
Phase 2C pooled full-universe,crypto_hourly,target_direction_4h,720,,all,purge_dates,8,Configured target-horizon purge before validation and test boundaries.
Phase 2C pooled full-universe,crypto_hourly,target_direction_4h,720,,all,purge_dates,8,Configured target-horizon purge before validation and test boundaries.
Phase 2C pooled full-universe,crypto_hourly,target_log_realized_vol_4h,48,,all,purge_dates,8,Configured target-horizon purge before validation and test boundaries.
Phase 2C pooled full-universe,crypto_hourly,target_log_realized_vol_4h,48,,all,purge_dates,8,Configured target-horizon purge before validation and test boundaries.
Phase 2C pooled full-universe,crypto_hourly,target_log_realized_vol_4h,48,,all,purge_dates,8,Configured target-horizon purge before validation and test boundaries.
Phase 2C pooled full-universe,crypto_hourly,target_log_realized_vol_4h,168,,all,purge_dates,8,Configured target-horizon purge before validation and test boundaries.
Phase 2C pooled full-universe,crypto_hourly,target_log_realized_vol_4h,168,,all,purge_dates,8,Configured target-horizon purge before validation and test boundaries.
Phase 2C pooled full-universe,crypto_hourly,target_log_realized_vol_4h,168,,all,purge_dates,8,Configured target-horizon purge before validation and test boundaries.
Phase 2C pooled full-universe,crypto_hourly,target_log_realized_vol_4h,720,,all,purge_dates,8,Configured target-horizon purge before validation and test boundaries.
Phase 2C pooled full-universe,crypto_hourly,target_log_realized_vol_4h,720,,all,purge_dates,8,Configured target-horizon purge before validation and test boundaries.
Phase 2C pooled full-universe,crypto_hourly,target_log_realized_vol_4h,720,,all,purge_dates,8,Configured target-horizon purge before validation and test boundaries.
Phase 2C pooled full-universe,crypto_hourly,target_stress_24h,48,,all,purge_dates,48,Configured target-horizon purge before validation and test boundaries.
Phase 2C pooled full-universe,crypto_hourly,target_stress_24h,48,,all,purge_dates,48,Configured target-horizon purge before validation and test boundaries.
Phase 2C pooled full-universe,crypto_hourly,target_stress_24h,48,,all,purge_dates,48,Configured target-horizon purge before validation and test boundaries.
Phase 2C pooled full-universe,crypto_hourly,target_stress_24h,168,,all,purge_dates,48,Configured target-horizon purge before validation and test boundaries.
Phase 2C pooled full-universe,crypto_hourly,target_stress_24h,168,,all,purge_dates,48,Configured target-horizon purge before validation and test boundaries.
Phase 2C pooled full-universe,crypto_hourly,target_stress_24h,168,,all,purge_dates,48,Configured target-horizon purge before validation and test boundaries.
Phase 2C pooled full-universe,crypto_hourly,target_stress_24h,720,,all,purge_dates,48,Configured target-horizon purge before validation and test boundaries.
Phase 2C pooled full-universe,crypto_hourly,target_stress_24h,720,,all,purge_dates,48,Configured target-horizon purge before validation and test boundaries.
Phase 2C pooled full-universe,crypto_hourly,target_stress_24h,720,,all,purge_dates,48,Configured target-horizon purge before validation and test boundaries.
Phase 2C pooled full-universe,crypto_hourly,target_direction_4h,48,,all,unassigned_purge_embargo_dates,12850,Global date-level split gap across both boundaries.
Phase 2C pooled full-universe,crypto_hourly,target_direction_4h,48,,all,unassigned_purge_embargo_dates,6430,Global date-level split gap across both boundaries.
Phase 2C pooled full-universe,crypto_hourly,target_direction_4h,48,,all,unassigned_purge_embargo_dates,10,Global date-level split gap across both boundaries.
Phase 2C pooled full-universe,crypto_hourly,target_direction_4h,168,,all,unassigned_purge_embargo_dates,12850,Global date-level split gap across both boundaries.
Phase 2C pooled full-universe,crypto_hourly,target_direction_4h,168,,all,unassigned_purge_embargo_dates,6430,Global date-level split gap across both boundaries.
Phase 2C pooled full-universe,crypto_hourly,target_direction_4h,168,,all,unassigned_purge_embargo_dates,10,Global date-level split gap across both boundaries.
Phase 2C pooled full-universe,crypto_hourly,target_direction_4h,720,,all,unassigned_purge_embargo_dates,12850,Global date-level split gap across both boundaries.
Phase 2C pooled full-universe,crypto_hourly,target_direction_4h,720,,all,unassigned_purge_embargo_dates,6430,Global date-level split gap across both boundaries.
Phase 2C pooled full-universe,crypto_hourly,target_direction_4h,720,,all,unassigned_purge_embargo_dates,10,Global date-level split gap across both boundaries.
Phase 2C pooled full-universe,crypto_hourly,target_log_realized_vol_4h,48,,all,unassigned_purge_embargo_dates,12850,Global date-level split gap across both boundaries.
Phase 2C pooled full-universe,crypto_hourly,target_log_realized_vol_4h,48,,all,unassigned_purge_embargo_dates,6430,Global date-level split gap across both boundaries.
Phase 2C pooled full-universe,crypto_hourly,target_log_realized_vol_4h,48,,all,unassigned_purge_embargo_dates,10,Global date-level split gap across both boundaries.
Phase 2C pooled full-universe,crypto_hourly,target_log_realized_vol_4h,168,,all,unassigned_purge_embargo_dates,12850,Global date-level split gap across both boundaries.
Phase 2C pooled full-universe,crypto_hourly,target_log_realized_vol_4h,168,,all,unassigned_purge_embargo_dates,6430,Global date-level split gap across both boundaries.
Phase 2C pooled full-universe,crypto_hourly,target_log_realized_vol_4h,168,,all,unassigned_purge_embargo_dates,10,Global date-level split gap across both boundaries.
Phase 2C pooled full-universe,crypto_hourly,target_log_realized_vol_4h,720,,all,unassigned_purge_embargo_dates,12850,Global date-level split gap across both boundaries.
Phase 2C pooled full-universe,crypto_hourly,target_log_realized_vol_4h,720,,all,unassigned_purge_embargo_dates,6430,Global date-level split gap across both boundaries.
Phase 2C pooled full-universe,crypto_hourly,target_log_realized_vol_4h,720,,all,unassigned_purge_embargo_dates,10,Global date-level split gap across both boundaries.
Phase 2C pooled full-universe,crypto_hourly,target_stress_24h,48,,all,unassigned_purge_embargo_dates,12886,Global date-level split gap across both boundaries.
Phase 2C pooled full-universe,crypto_hourly,target_stress_24h,48,,all,unassigned_purge_embargo_dates,6468,Global date-level split gap across both boundaries.
Phase 2C pooled full-universe,crypto_hourly,target_stress_24h,48,,all,unassigned_purge_embargo_dates,50,Global date-level split gap across both boundaries.
Phase 2C pooled full-universe,crypto_hourly,target_stress_24h,168,,all,unassigned_purge_embargo_dates,12886,Global date-level split gap across both boundaries.
Phase 2C pooled full-universe,crypto_hourly,target_stress_24h,168,,all,unassigned_purge_embargo_dates,6468,Global date-level split gap across both boundaries.
Phase 2C pooled full-universe,crypto_hourly,target_stress_24h,168,,all,unassigned_purge_embargo_dates,50,Global date-level split gap across both boundaries.
Phase 2C pooled full-universe,crypto_hourly,target_stress_24h,720,,all,unassigned_purge_embargo_dates,12886,Global date-level split gap across both boundaries.
Phase 2C pooled full-universe,crypto_hourly,target_stress_24h,720,,all,unassigned_purge_embargo_dates,6468,Global date-level split gap across both boundaries.
Phase 2C pooled full-universe,crypto_hourly,target_stress_24h,720,,all,unassigned_purge_embargo_dates,50,Global date-level split gap across both boundaries.
Phase 2C pooled full-universe,crypto_hourly,target_direction_4h,48,,all,unobserved_or_calendar_aligned_ohlcv,0,Daily calendar alignment retains rows without observed OHLC; crypto has no such rows.
Phase 2C pooled full-universe,crypto_hourly,target_direction_4h,48,,all,unobserved_or_calendar_aligned_ohlcv,0,Daily calendar alignment retains rows without observed OHLC; crypto has no such rows.
Phase 2C pooled full-universe,crypto_hourly,target_direction_4h,48,,all,unobserved_or_calendar_aligned_ohlcv,0,Daily calendar alignment retains rows without observed OHLC; crypto has no such rows.
Phase 2C pooled full-universe,crypto_hourly,target_direction_4h,168,,all,unobserved_or_calendar_aligned_ohlcv,0,Daily calendar alignment retains rows without observed OHLC; crypto has no such rows.
Phase 2C pooled full-universe,crypto_hourly,target_direction_4h,168,,all,unobserved_or_calendar_aligned_ohlcv,0,Daily calendar alignment retains rows without observed OHLC; crypto has no such rows.
Phase 2C pooled full-universe,crypto_hourly,target_direction_4h,168,,all,unobserved_or_calendar_aligned_ohlcv,0,Daily calendar alignment retains rows without observed OHLC; crypto has no such rows.
Phase 2C pooled full-universe,crypto_hourly,target_direction_4h,720,,all,unobserved_or_calendar_aligned_ohlcv,0,Daily calendar alignment retains rows without observed OHLC; crypto has no such rows.
Phase 2C pooled full-universe,crypto_hourly,target_direction_4h,720,,all,unobserved_or_calendar_aligned_ohlcv,0,Daily calendar alignment retains rows without observed OHLC; crypto has no such rows.
Phase 2C pooled full-universe,crypto_hourly,target_direction_4h,720,,all,unobserved_or_calendar_aligned_ohlcv,0,Daily calendar alignment retains rows without observed OHLC; crypto has no such rows.
Phase 2C pooled full-universe,crypto_hourly,target_log_realized_vol_4h,48,,all,unobserved_or_calendar_aligned_ohlcv,0,Daily calendar alignment retains rows without observed OHLC; crypto has no such rows.
Phase 2C pooled full-universe,crypto_hourly,target_log_realized_vol_4h,48,,all,unobserved_or_calendar_aligned_ohlcv,0,Daily calendar alignment retains rows without observed OHLC; crypto has no such rows.
Phase 2C pooled full-universe,crypto_hourly,target_log_realized_vol_4h,48,,all,unobserved_or_calendar_aligned_ohlcv,0,Daily calendar alignment retains rows without observed OHLC; crypto has no such rows.
Phase 2C pooled full-universe,crypto_hourly,target_log_realized_vol_4h,168,,all,unobserved_or_calendar_aligned_ohlcv,0,Daily calendar alignment retains rows without observed OHLC; crypto has no such rows.
Phase 2C pooled full-universe,crypto_hourly,target_log_realized_vol_4h,168,,all,unobserved_or_calendar_aligned_ohlcv,0,Daily calendar alignment retains rows without observed OHLC; crypto has no such rows.
Phase 2C pooled full-universe,crypto_hourly,target_log_realized_vol_4h,168,,all,unobserved_or_calendar_aligned_ohlcv,0,Daily calendar alignment retains rows without observed OHLC; crypto has no such rows.
Phase 2C pooled full-universe,crypto_hourly,target_log_realized_vol_4h,720,,all,unobserved_or_calendar_aligned_ohlcv,0,Daily calendar alignment retains rows without observed OHLC; crypto has no such rows.
Phase 2C pooled full-universe,crypto_hourly,target_log_realized_vol_4h,720,,all,unobserved_or_calendar_aligned_ohlcv,0,Daily calendar alignment retains rows without observed OHLC; crypto has no such rows.
Phase 2C pooled full-universe,crypto_hourly,target_log_realized_vol_4h,720,,all,unobserved_or_calendar_aligned_ohlcv,0,Daily calendar alignment retains rows without observed OHLC; crypto has no such rows.
Phase 2C pooled full-universe,crypto_hourly,target_stress_24h,48,,all,unobserved_or_calendar_aligned_ohlcv,0,Daily calendar alignment retains rows without observed OHLC; crypto has no such rows.
Phase 2C pooled full-universe,crypto_hourly,target_stress_24h,48,,all,unobserved_or_calendar_aligned_ohlcv,0,Daily calendar alignment retains rows without observed OHLC; crypto has no such rows.
Phase 2C pooled full-universe,crypto_hourly,target_stress_24h,48,,all,unobserved_or_calendar_aligned_ohlcv,0,Daily calendar alignment retains rows without observed OHLC; crypto has no such rows.
Phase 2C pooled full-universe,crypto_hourly,target_stress_24h,168,,all,unobserved_or_calendar_aligned_ohlcv,0,Daily calendar alignment retains rows without observed OHLC; crypto has no such rows.
Phase 2C pooled full-universe,crypto_hourly,target_stress_24h,168,,all,unobserved_or_calendar_aligned_ohlcv,0,Daily calendar alignment retains rows without observed OHLC; crypto has no such rows.
Phase 2C pooled full-universe,crypto_hourly,target_stress_24h,168,,all,unobserved_or_calendar_aligned_ohlcv,0,Daily calendar alignment retains rows without observed OHLC; crypto has no such rows.
Phase 2C pooled full-universe,crypto_hourly,target_stress_24h,720,,all,unobserved_or_calendar_aligned_ohlcv,0,Daily calendar alignment retains rows without observed OHLC; crypto has no such rows.
Phase 2C pooled full-universe,crypto_hourly,target_stress_24h,720,,all,unobserved_or_calendar_aligned_ohlcv,0,Daily calendar alignment retains rows without observed OHLC; crypto has no such rows.
Phase 2C pooled full-universe,crypto_hourly,target_stress_24h,720,,all,unobserved_or_calendar_aligned_ohlcv,0,Daily calendar alignment retains rows without observed OHLC; crypto has no such rows.
Phase 2C pooled full-universe,daily,target_direction_5d,30,,test,asset_segment_below_lookback,0,Rows belong to assets excluded because at least one required segment is shorter than lookback.
Phase 2C pooled full-universe,daily,target_direction_5d,30,,test,asset_segment_below_lookback,0,Rows belong to assets excluded because at least one required segment is shorter than lookback.
Phase 2C pooled full-universe,daily,target_direction_5d,30,,test,asset_segment_below_lookback,24,Rows belong to assets excluded because at least one required segment is shorter than lookback.
Phase 2C pooled full-universe,daily,target_direction_5d,60,,test,asset_segment_below_lookback,0,Rows belong to assets excluded because at least one required segment is shorter than lookback.
Phase 2C pooled full-universe,daily,target_direction_5d,60,,test,asset_segment_below_lookback,0,Rows belong to assets excluded because at least one required segment is shorter than lookback.
Phase 2C pooled full-universe,daily,target_direction_5d,60,,test,asset_segment_below_lookback,24,Rows belong to assets excluded because at least one required segment is shorter than lookback.
Phase 2C pooled full-universe,daily,target_direction_5d,120,,test,asset_segment_below_lookback,0,Rows belong to assets excluded because at least one required segment is shorter than lookback.
Phase 2C pooled full-universe,daily,target_direction_5d,120,,test,asset_segment_below_lookback,0,Rows belong to assets excluded because at least one required segment is shorter than lookback.
Phase 2C pooled full-universe,daily,target_direction_5d,120,,test,asset_segment_below_lookback,24,Rows belong to assets excluded because at least one required segment is shorter than lookback.
Phase 2C pooled full-universe,daily,target_direction_5d,250,,test,asset_segment_below_lookback,1288,Rows belong to assets excluded because at least one required segment is shorter than lookback.
Phase 2C pooled full-universe,daily,target_direction_5d,250,,test,asset_segment_below_lookback,1246,Rows belong to assets excluded because at least one required segment is shorter than lookback.
Phase 2C pooled full-universe,daily,target_direction_5d,250,,test,asset_segment_below_lookback,1312,Rows belong to assets excluded because at least one required segment is shorter than lookback.
Phase 2C pooled full-universe,daily,target_log_realized_vol_5d,30,,test,asset_segment_below_lookback,0,Rows belong to assets excluded because at least one required segment is shorter than lookback.
Phase 2C pooled full-universe,daily,target_log_realized_vol_5d,30,,test,asset_segment_below_lookback,0,Rows belong to assets excluded because at least one required segment is shorter than lookback.
Phase 2C pooled full-universe,daily,target_log_realized_vol_5d,30,,test,asset_segment_below_lookback,24,Rows belong to assets excluded because at least one required segment is shorter than lookback.
Phase 2C pooled full-universe,daily,target_log_realized_vol_5d,60,,test,asset_segment_below_lookback,0,Rows belong to assets excluded because at least one required segment is shorter than lookback.
Phase 2C pooled full-universe,daily,target_log_realized_vol_5d,60,,test,asset_segment_below_lookback,0,Rows belong to assets excluded because at least one required segment is shorter than lookback.
Phase 2C pooled full-universe,daily,target_log_realized_vol_5d,60,,test,asset_segment_below_lookback,24,Rows belong to assets excluded because at least one required segment is shorter than lookback.
Phase 2C pooled full-universe,daily,target_log_realized_vol_5d,120,,test,asset_segment_below_lookback,0,Rows belong to assets excluded because at least one required segment is shorter than lookback.
Phase 2C pooled full-universe,daily,target_log_realized_vol_5d,120,,test,asset_segment_below_lookback,0,Rows belong to assets excluded because at least one required segment is shorter than lookback.
Phase 2C pooled full-universe,daily,target_log_realized_vol_5d,120,,test,asset_segment_below_lookback,24,Rows belong to assets excluded because at least one required segment is shorter than lookback.
Phase 2C pooled full-universe,daily,target_log_realized_vol_5d,250,,test,asset_segment_below_lookback,0,Rows belong to assets excluded because at least one required segment is shorter than lookback.
Phase 2C pooled full-universe,daily,target_log_realized_vol_5d,250,,test,asset_segment_below_lookback,0,Rows belong to assets excluded because at least one required segment is shorter than lookback.
Phase 2C pooled full-universe,daily,target_log_realized_vol_5d,250,,test,asset_segment_below_lookback,24,Rows belong to assets excluded because at least one required segment is shorter than lookback.
Phase 2C pooled full-universe,daily,target_stress_10d,30,,test,asset_segment_below_lookback,0,Rows belong to assets excluded because at least one required segment is shorter than lookback.
Phase 2C pooled full-universe,daily,target_stress_10d,30,,test,asset_segment_below_lookback,0,Rows belong to assets excluded because at least one required segment is shorter than lookback.
Phase 2C pooled full-universe,daily,target_stress_10d,30,,test,asset_segment_below_lookback,24,Rows belong to assets excluded because at least one required segment is shorter than lookback.
Phase 2C pooled full-universe,daily,target_stress_10d,60,,test,asset_segment_below_lookback,0,Rows belong to assets excluded because at least one required segment is shorter than lookback.
Phase 2C pooled full-universe,daily,target_stress_10d,60,,test,asset_segment_below_lookback,0,Rows belong to assets excluded because at least one required segment is shorter than lookback.
Phase 2C pooled full-universe,daily,target_stress_10d,60,,test,asset_segment_below_lookback,24,Rows belong to assets excluded because at least one required segment is shorter than lookback.
Phase 2C pooled full-universe,daily,target_stress_10d,120,,test,asset_segment_below_lookback,0,Rows belong to assets excluded because at least one required segment is shorter than lookback.
Phase 2C pooled full-universe,daily,target_stress_10d,120,,test,asset_segment_below_lookback,0,Rows belong to assets excluded because at least one required segment is shorter than lookback.
Phase 2C pooled full-universe,daily,target_stress_10d,120,,test,asset_segment_below_lookback,24,Rows belong to assets excluded because at least one required segment is shorter than lookback.
Phase 2C pooled full-universe,daily,target_stress_10d,250,,test,asset_segment_below_lookback,0,Rows belong to assets excluded because at least one required segment is shorter than lookback.
Phase 2C pooled full-universe,daily,target_stress_10d,250,,test,asset_segment_below_lookback,0,Rows belong to assets excluded because at least one required segment is shorter than lookback.
Phase 2C pooled full-universe,daily,target_stress_10d,250,,test,asset_segment_below_lookback,24,Rows belong to assets excluded because at least one required segment is shorter than lookback.
Phase 2C pooled full-universe,daily,target_direction_5d,30,,train,asset_segment_below_lookback,0,Rows belong to assets excluded because at least one required segment is shorter than lookback.
Phase 2C pooled full-universe,daily,target_direction_5d,30,,train,asset_segment_below_lookback,0,Rows belong to assets excluded because at least one required segment is shorter than lookback.
Phase 2C pooled full-universe,daily,target_direction_5d,30,,train,asset_segment_below_lookback,1514,Rows belong to assets excluded because at least one required segment is shorter than lookback.
Phase 2C pooled full-universe,daily,target_direction_5d,60,,train,asset_segment_below_lookback,0,Rows belong to assets excluded because at least one required segment is shorter than lookback.
Phase 2C pooled full-universe,daily,target_direction_5d,60,,train,asset_segment_below_lookback,0,Rows belong to assets excluded because at least one required segment is shorter than lookback.
Phase 2C pooled full-universe,daily,target_direction_5d,60,,train,asset_segment_below_lookback,1514,Rows belong to assets excluded because at least one required segment is shorter than lookback.
Phase 2C pooled full-universe,daily,target_direction_5d,120,,train,asset_segment_below_lookback,0,Rows belong to assets excluded because at least one required segment is shorter than lookback.
Phase 2C pooled full-universe,daily,target_direction_5d,120,,train,asset_segment_below_lookback,0,Rows belong to assets excluded because at least one required segment is shorter than lookback.
Phase 2C pooled full-universe,daily,target_direction_5d,120,,train,asset_segment_below_lookback,1514,Rows belong to assets excluded because at least one required segment is shorter than lookback.
Phase 2C pooled full-universe,daily,target_direction_5d,250,,train,asset_segment_below_lookback,15204,Rows belong to assets excluded because at least one required segment is shorter than lookback.
Phase 2C pooled full-universe,daily,target_direction_5d,250,,train,asset_segment_below_lookback,16492,Rows belong to assets excluded because at least one required segment is shorter than lookback.
Phase 2C pooled full-universe,daily,target_direction_5d,250,,train,asset_segment_below_lookback,19294,Rows belong to assets excluded because at least one required segment is shorter than lookback.
Phase 2C pooled full-universe,daily,target_log_realized_vol_5d,30,,train,asset_segment_below_lookback,8274,Rows belong to assets excluded because at least one required segment is shorter than lookback.
Phase 2C pooled full-universe,daily,target_log_realized_vol_5d,30,,train,asset_segment_below_lookback,8274,Rows belong to assets excluded because at least one required segment is shorter than lookback.
Phase 2C pooled full-universe,daily,target_log_realized_vol_5d,30,,train,asset_segment_below_lookback,9788,Rows belong to assets excluded because at least one required segment is shorter than lookback.
Phase 2C pooled full-universe,daily,target_log_realized_vol_5d,60,,train,asset_segment_below_lookback,8274,Rows belong to assets excluded because at least one required segment is shorter than lookback.
Phase 2C pooled full-universe,daily,target_log_realized_vol_5d,60,,train,asset_segment_below_lookback,8274,Rows belong to assets excluded because at least one required segment is shorter than lookback.
Phase 2C pooled full-universe,daily,target_log_realized_vol_5d,60,,train,asset_segment_below_lookback,9788,Rows belong to assets excluded because at least one required segment is shorter than lookback.
Phase 2C pooled full-universe,daily,target_log_realized_vol_5d,120,,train,asset_segment_below_lookback,8274,Rows belong to assets excluded because at least one required segment is shorter than lookback.
Phase 2C pooled full-universe,daily,target_log_realized_vol_5d,120,,train,asset_segment_below_lookback,8274,Rows belong to assets excluded because at least one required segment is shorter than lookback.
Phase 2C pooled full-universe,daily,target_log_realized_vol_5d,120,,train,asset_segment_below_lookback,9788,Rows belong to assets excluded because at least one required segment is shorter than lookback.
Phase 2C pooled full-universe,daily,target_log_realized_vol_5d,250,,train,asset_segment_below_lookback,8274,Rows belong to assets excluded because at least one required segment is shorter than lookback.
Phase 2C pooled full-universe,daily,target_log_realized_vol_5d,250,,train,asset_segment_below_lookback,8274,Rows belong to assets excluded because at least one required segment is shorter than lookback.
Phase 2C pooled full-universe,daily,target_log_realized_vol_5d,250,,train,asset_segment_below_lookback,9788,Rows belong to assets excluded because at least one required segment is shorter than lookback.
Phase 2C pooled full-universe,daily,target_stress_10d,30,,train,asset_segment_below_lookback,8239,Rows belong to assets excluded because at least one required segment is shorter than lookback.
Phase 2C pooled full-universe,daily,target_stress_10d,30,,train,asset_segment_below_lookback,8239,Rows belong to assets excluded because at least one required segment is shorter than lookback.
Phase 2C pooled full-universe,daily,target_stress_10d,30,,train,asset_segment_below_lookback,9743,Rows belong to assets excluded because at least one required segment is shorter than lookback.
Phase 2C pooled full-universe,daily,target_stress_10d,60,,train,asset_segment_below_lookback,8239,Rows belong to assets excluded because at least one required segment is shorter than lookback.
Phase 2C pooled full-universe,daily,target_stress_10d,60,,train,asset_segment_below_lookback,8239,Rows belong to assets excluded because at least one required segment is shorter than lookback.
Phase 2C pooled full-universe,daily,target_stress_10d,60,,train,asset_segment_below_lookback,9743,Rows belong to assets excluded because at least one required segment is shorter than lookback.
Phase 2C pooled full-universe,daily,target_stress_10d,120,,train,asset_segment_below_lookback,8239,Rows belong to assets excluded because at least one required segment is shorter than lookback.
Phase 2C pooled full-universe,daily,target_stress_10d,120,,train,asset_segment_below_lookback,8239,Rows belong to assets excluded because at least one required segment is shorter than lookback.
Phase 2C pooled full-universe,daily,target_stress_10d,120,,train,asset_segment_below_lookback,9743,Rows belong to assets excluded because at least one required segment is shorter than lookback.
Phase 2C pooled full-universe,daily,target_stress_10d,250,,train,asset_segment_below_lookback,8239,Rows belong to assets excluded because at least one required segment is shorter than lookback.
Phase 2C pooled full-universe,daily,target_stress_10d,250,,train,asset_segment_below_lookback,8239,Rows belong to assets excluded because at least one required segment is shorter than lookback.
Phase 2C pooled full-universe,daily,target_stress_10d,250,,train,asset_segment_below_lookback,9743,Rows belong to assets excluded because at least one required segment is shorter than lookback.
Phase 2C pooled full-universe,daily,target_direction_5d,30,,validation,asset_segment_below_lookback,0,Rows belong to assets excluded because at least one required segment is shorter than lookback.
Phase 2C pooled full-universe,daily,target_direction_5d,30,,validation,asset_segment_below_lookback,0,Rows belong to assets excluded because at least one required segment is shorter than lookback.
Phase 2C pooled full-universe,daily,target_direction_5d,30,,validation,asset_segment_below_lookback,451,Rows belong to assets excluded because at least one required segment is shorter than lookback.
Phase 2C pooled full-universe,daily,target_direction_5d,60,,validation,asset_segment_below_lookback,0,Rows belong to assets excluded because at least one required segment is shorter than lookback.
Phase 2C pooled full-universe,daily,target_direction_5d,60,,validation,asset_segment_below_lookback,0,Rows belong to assets excluded because at least one required segment is shorter than lookback.
Phase 2C pooled full-universe,daily,target_direction_5d,60,,validation,asset_segment_below_lookback,451,Rows belong to assets excluded because at least one required segment is shorter than lookback.
Phase 2C pooled full-universe,daily,target_direction_5d,120,,validation,asset_segment_below_lookback,0,Rows belong to assets excluded because at least one required segment is shorter than lookback.
Phase 2C pooled full-universe,daily,target_direction_5d,120,,validation,asset_segment_below_lookback,0,Rows belong to assets excluded because at least one required segment is shorter than lookback.
Phase 2C pooled full-universe,daily,target_direction_5d,120,,validation,asset_segment_below_lookback,451,Rows belong to assets excluded because at least one required segment is shorter than lookback.
Phase 2C pooled full-universe,daily,target_direction_5d,250,,validation,asset_segment_below_lookback,1267,Rows belong to assets excluded because at least one required segment is shorter than lookback.
Phase 2C pooled full-universe,daily,target_direction_5d,250,,validation,asset_segment_below_lookback,1274,Rows belong to assets excluded because at least one required segment is shorter than lookback.
Phase 2C pooled full-universe,daily,target_direction_5d,250,,validation,asset_segment_below_lookback,1683,Rows belong to assets excluded because at least one required segment is shorter than lookback.
Phase 2C pooled full-universe,daily,target_log_realized_vol_5d,30,,validation,asset_segment_below_lookback,0,Rows belong to assets excluded because at least one required segment is shorter than lookback.
Phase 2C pooled full-universe,daily,target_log_realized_vol_5d,30,,validation,asset_segment_below_lookback,0,Rows belong to assets excluded because at least one required segment is shorter than lookback.
Phase 2C pooled full-universe,daily,target_log_realized_vol_5d,30,,validation,asset_segment_below_lookback,451,Rows belong to assets excluded because at least one required segment is shorter than lookback.
Phase 2C pooled full-universe,daily,target_log_realized_vol_5d,60,,validation,asset_segment_below_lookback,0,Rows belong to assets excluded because at least one required segment is shorter than lookback.
Phase 2C pooled full-universe,daily,target_log_realized_vol_5d,60,,validation,asset_segment_below_lookback,0,Rows belong to assets excluded because at least one required segment is shorter than lookback.
Phase 2C pooled full-universe,daily,target_log_realized_vol_5d,60,,validation,asset_segment_below_lookback,451,Rows belong to assets excluded because at least one required segment is shorter than lookback.
Phase 2C pooled full-universe,daily,target_log_realized_vol_5d,120,,validation,asset_segment_below_lookback,0,Rows belong to assets excluded because at least one required segment is shorter than lookback.
Phase 2C pooled full-universe,daily,target_log_realized_vol_5d,120,,validation,asset_segment_below_lookback,0,Rows belong to assets excluded because at least one required segment is shorter than lookback.
Phase 2C pooled full-universe,daily,target_log_realized_vol_5d,120,,validation,asset_segment_below_lookback,451,Rows belong to assets excluded because at least one required segment is shorter than lookback.
Phase 2C pooled full-universe,daily,target_log_realized_vol_5d,250,,validation,asset_segment_below_lookback,0,Rows belong to assets excluded because at least one required segment is shorter than lookback.
Phase 2C pooled full-universe,daily,target_log_realized_vol_5d,250,,validation,asset_segment_below_lookback,0,Rows belong to assets excluded because at least one required segment is shorter than lookback.
Phase 2C pooled full-universe,daily,target_log_realized_vol_5d,250,,validation,asset_segment_below_lookback,451,Rows belong to assets excluded because at least one required segment is shorter than lookback.
Phase 2C pooled full-universe,daily,target_stress_10d,30,,validation,asset_segment_below_lookback,0,Rows belong to assets excluded because at least one required segment is shorter than lookback.
Phase 2C pooled full-universe,daily,target_stress_10d,30,,validation,asset_segment_below_lookback,0,Rows belong to assets excluded because at least one required segment is shorter than lookback.
Phase 2C pooled full-universe,daily,target_stress_10d,30,,validation,asset_segment_below_lookback,446,Rows belong to assets excluded because at least one required segment is shorter than lookback.
Phase 2C pooled full-universe,daily,target_stress_10d,60,,validation,asset_segment_below_lookback,0,Rows belong to assets excluded because at least one required segment is shorter than lookback.
Phase 2C pooled full-universe,daily,target_stress_10d,60,,validation,asset_segment_below_lookback,0,Rows belong to assets excluded because at least one required segment is shorter than lookback.
Phase 2C pooled full-universe,daily,target_stress_10d,60,,validation,asset_segment_below_lookback,446,Rows belong to assets excluded because at least one required segment is shorter than lookback.
Phase 2C pooled full-universe,daily,target_stress_10d,120,,validation,asset_segment_below_lookback,0,Rows belong to assets excluded because at least one required segment is shorter than lookback.
Phase 2C pooled full-universe,daily,target_stress_10d,120,,validation,asset_segment_below_lookback,0,Rows belong to assets excluded because at least one required segment is shorter than lookback.
Phase 2C pooled full-universe,daily,target_stress_10d,120,,validation,asset_segment_below_lookback,446,Rows belong to assets excluded because at least one required segment is shorter than lookback.
Phase 2C pooled full-universe,daily,target_stress_10d,250,,validation,asset_segment_below_lookback,0,Rows belong to assets excluded because at least one required segment is shorter than lookback.
Phase 2C pooled full-universe,daily,target_stress_10d,250,,validation,asset_segment_below_lookback,0,Rows belong to assets excluded because at least one required segment is shorter than lookback.
Phase 2C pooled full-universe,daily,target_stress_10d,250,,validation,asset_segment_below_lookback,446,Rows belong to assets excluded because at least one required segment is shorter than lookback.
Phase 2C pooled full-universe,daily,target_direction_5d,30,,all,embargo_dates,2,Configured post-boundary embargo before validation and test segments.
Phase 2C pooled full-universe,daily,target_direction_5d,30,,all,embargo_dates,2,Configured post-boundary embargo before validation and test segments.
Phase 2C pooled full-universe,daily,target_direction_5d,30,,all,embargo_dates,2,Configured post-boundary embargo before validation and test segments.
Phase 2C pooled full-universe,daily,target_direction_5d,60,,all,embargo_dates,2,Configured post-boundary embargo before validation and test segments.
Phase 2C pooled full-universe,daily,target_direction_5d,60,,all,embargo_dates,2,Configured post-boundary embargo before validation and test segments.
Phase 2C pooled full-universe,daily,target_direction_5d,60,,all,embargo_dates,2,Configured post-boundary embargo before validation and test segments.
Phase 2C pooled full-universe,daily,target_direction_5d,120,,all,embargo_dates,2,Configured post-boundary embargo before validation and test segments.
Phase 2C pooled full-universe,daily,target_direction_5d,120,,all,embargo_dates,2,Configured post-boundary embargo before validation and test segments.
Phase 2C pooled full-universe,daily,target_direction_5d,120,,all,embargo_dates,2,Configured post-boundary embargo before validation and test segments.
Phase 2C pooled full-universe,daily,target_direction_5d,250,,all,embargo_dates,2,Configured post-boundary embargo before validation and test segments.
Phase 2C pooled full-universe,daily,target_direction_5d,250,,all,embargo_dates,2,Configured post-boundary embargo before validation and test segments.
Phase 2C pooled full-universe,daily,target_direction_5d,250,,all,embargo_dates,2,Configured post-boundary embargo before validation and test segments.
Phase 2C pooled full-universe,daily,target_log_realized_vol_5d,30,,all,embargo_dates,2,Configured post-boundary embargo before validation and test segments.
Phase 2C pooled full-universe,daily,target_log_realized_vol_5d,30,,all,embargo_dates,2,Configured post-boundary embargo before validation and test segments.
Phase 2C pooled full-universe,daily,target_log_realized_vol_5d,30,,all,embargo_dates,2,Configured post-boundary embargo before validation and test segments.
Phase 2C pooled full-universe,daily,target_log_realized_vol_5d,60,,all,embargo_dates,2,Configured post-boundary embargo before validation and test segments.
Phase 2C pooled full-universe,daily,target_log_realized_vol_5d,60,,all,embargo_dates,2,Configured post-boundary embargo before validation and test segments.
Phase 2C pooled full-universe,daily,target_log_realized_vol_5d,60,,all,embargo_dates,2,Configured post-boundary embargo before validation and test segments.
Phase 2C pooled full-universe,daily,target_log_realized_vol_5d,120,,all,embargo_dates,2,Configured post-boundary embargo before validation and test segments.
Phase 2C pooled full-universe,daily,target_log_realized_vol_5d,120,,all,embargo_dates,2,Configured post-boundary embargo before validation and test segments.
Phase 2C pooled full-universe,daily,target_log_realized_vol_5d,120,,all,embargo_dates,2,Configured post-boundary embargo before validation and test segments.
Phase 2C pooled full-universe,daily,target_log_realized_vol_5d,250,,all,embargo_dates,2,Configured post-boundary embargo before validation and test segments.
Phase 2C pooled full-universe,daily,target_log_realized_vol_5d,250,,all,embargo_dates,2,Configured post-boundary embargo before validation and test segments.
Phase 2C pooled full-universe,daily,target_log_realized_vol_5d,250,,all,embargo_dates,2,Configured post-boundary embargo before validation and test segments.
Phase 2C pooled full-universe,daily,target_stress_10d,30,,all,embargo_dates,2,Configured post-boundary embargo before validation and test segments.
Phase 2C pooled full-universe,daily,target_stress_10d,30,,all,embargo_dates,2,Configured post-boundary embargo before validation and test segments.
Phase 2C pooled full-universe,daily,target_stress_10d,30,,all,embargo_dates,2,Configured post-boundary embargo before validation and test segments.
Phase 2C pooled full-universe,daily,target_stress_10d,60,,all,embargo_dates,2,Configured post-boundary embargo before validation and test segments.
Phase 2C pooled full-universe,daily,target_stress_10d,60,,all,embargo_dates,2,Configured post-boundary embargo before validation and test segments.
Phase 2C pooled full-universe,daily,target_stress_10d,60,,all,embargo_dates,2,Configured post-boundary embargo before validation and test segments.
Phase 2C pooled full-universe,daily,target_stress_10d,120,,all,embargo_dates,2,Configured post-boundary embargo before validation and test segments.
Phase 2C pooled full-universe,daily,target_stress_10d,120,,all,embargo_dates,2,Configured post-boundary embargo before validation and test segments.
Phase 2C pooled full-universe,daily,target_stress_10d,120,,all,embargo_dates,2,Configured post-boundary embargo before validation and test segments.
Phase 2C pooled full-universe,daily,target_stress_10d,250,,all,embargo_dates,2,Configured post-boundary embargo before validation and test segments.
Phase 2C pooled full-universe,daily,target_stress_10d,250,,all,embargo_dates,2,Configured post-boundary embargo before validation and test segments.
Phase 2C pooled full-universe,daily,target_stress_10d,250,,all,embargo_dates,2,Configured post-boundary embargo before validation and test segments.
Phase 2C pooled full-universe,daily,target_direction_5d,30,,all,feature_imputation_cases,250394,"Audit count only; this is retained, not an exclusion."
Phase 2C pooled full-universe,daily,target_direction_5d,30,,all,feature_imputation_cases,250394,"Audit count only; this is retained, not an exclusion."
Phase 2C pooled full-universe,daily,target_direction_5d,30,,all,feature_imputation_cases,250394,"Audit count only; this is retained, not an exclusion."
Phase 2C pooled full-universe,daily,target_direction_5d,60,,all,feature_imputation_cases,250394,"Audit count only; this is retained, not an exclusion."
Phase 2C pooled full-universe,daily,target_direction_5d,60,,all,feature_imputation_cases,250394,"Audit count only; this is retained, not an exclusion."
Phase 2C pooled full-universe,daily,target_direction_5d,60,,all,feature_imputation_cases,250394,"Audit count only; this is retained, not an exclusion."
Phase 2C pooled full-universe,daily,target_direction_5d,120,,all,feature_imputation_cases,250394,"Audit count only; this is retained, not an exclusion."
Phase 2C pooled full-universe,daily,target_direction_5d,120,,all,feature_imputation_cases,250394,"Audit count only; this is retained, not an exclusion."
Phase 2C pooled full-universe,daily,target_direction_5d,120,,all,feature_imputation_cases,250394,"Audit count only; this is retained, not an exclusion."
Phase 2C pooled full-universe,daily,target_direction_5d,250,,all,feature_imputation_cases,250394,"Audit count only; this is retained, not an exclusion."
Phase 2C pooled full-universe,daily,target_direction_5d,250,,all,feature_imputation_cases,250394,"Audit count only; this is retained, not an exclusion."
Phase 2C pooled full-universe,daily,target_direction_5d,250,,all,feature_imputation_cases,250394,"Audit count only; this is retained, not an exclusion."
Phase 2C pooled full-universe,daily,target_log_realized_vol_5d,30,,all,feature_imputation_cases,238333,"Audit count only; this is retained, not an exclusion."
Phase 2C pooled full-universe,daily,target_log_realized_vol_5d,30,,all,feature_imputation_cases,238333,"Audit count only; this is retained, not an exclusion."
Phase 2C pooled full-universe,daily,target_log_realized_vol_5d,30,,all,feature_imputation_cases,238333,"Audit count only; this is retained, not an exclusion."
Phase 2C pooled full-universe,daily,target_log_realized_vol_5d,60,,all,feature_imputation_cases,238333,"Audit count only; this is retained, not an exclusion."
Phase 2C pooled full-universe,daily,target_log_realized_vol_5d,60,,all,feature_imputation_cases,238333,"Audit count only; this is retained, not an exclusion."
Phase 2C pooled full-universe,daily,target_log_realized_vol_5d,60,,all,feature_imputation_cases,238333,"Audit count only; this is retained, not an exclusion."
Phase 2C pooled full-universe,daily,target_log_realized_vol_5d,120,,all,feature_imputation_cases,238333,"Audit count only; this is retained, not an exclusion."
Phase 2C pooled full-universe,daily,target_log_realized_vol_5d,120,,all,feature_imputation_cases,238333,"Audit count only; this is retained, not an exclusion."
Phase 2C pooled full-universe,daily,target_log_realized_vol_5d,120,,all,feature_imputation_cases,238333,"Audit count only; this is retained, not an exclusion."
Phase 2C pooled full-universe,daily,target_log_realized_vol_5d,250,,all,feature_imputation_cases,238333,"Audit count only; this is retained, not an exclusion."
Phase 2C pooled full-universe,daily,target_log_realized_vol_5d,250,,all,feature_imputation_cases,238333,"Audit count only; this is retained, not an exclusion."
Phase 2C pooled full-universe,daily,target_log_realized_vol_5d,250,,all,feature_imputation_cases,238333,"Audit count only; this is retained, not an exclusion."
Phase 2C pooled full-universe,daily,target_stress_10d,30,,all,feature_imputation_cases,238221,"Audit count only; this is retained, not an exclusion."
Phase 2C pooled full-universe,daily,target_stress_10d,30,,all,feature_imputation_cases,238221,"Audit count only; this is retained, not an exclusion."
Phase 2C pooled full-universe,daily,target_stress_10d,30,,all,feature_imputation_cases,238221,"Audit count only; this is retained, not an exclusion."
Phase 2C pooled full-universe,daily,target_stress_10d,60,,all,feature_imputation_cases,238221,"Audit count only; this is retained, not an exclusion."
Phase 2C pooled full-universe,daily,target_stress_10d,60,,all,feature_imputation_cases,238221,"Audit count only; this is retained, not an exclusion."
Phase 2C pooled full-universe,daily,target_stress_10d,60,,all,feature_imputation_cases,238221,"Audit count only; this is retained, not an exclusion."
Phase 2C pooled full-universe,daily,target_stress_10d,120,,all,feature_imputation_cases,238221,"Audit count only; this is retained, not an exclusion."
Phase 2C pooled full-universe,daily,target_stress_10d,120,,all,feature_imputation_cases,238221,"Audit count only; this is retained, not an exclusion."
Phase 2C pooled full-universe,daily,target_stress_10d,120,,all,feature_imputation_cases,238221,"Audit count only; this is retained, not an exclusion."
Phase 2C pooled full-universe,daily,target_stress_10d,250,,all,feature_imputation_cases,238221,"Audit count only; this is retained, not an exclusion."
Phase 2C pooled full-universe,daily,target_stress_10d,250,,all,feature_imputation_cases,238221,"Audit count only; this is retained, not an exclusion."
Phase 2C pooled full-universe,daily,target_stress_10d,250,,all,feature_imputation_cases,238221,"Audit count only; this is retained, not an exclusion."
Phase 2C pooled full-universe,daily,target_direction_5d,30,,all,feature_missingness_removed,0,Features are train-only median-imputed; missing feature rows are not dropped.
Phase 2C pooled full-universe,daily,target_direction_5d,30,,all,feature_missingness_removed,0,Features are train-only median-imputed; missing feature rows are not dropped.
Phase 2C pooled full-universe,daily,target_direction_5d,30,,all,feature_missingness_removed,0,Features are train-only median-imputed; missing feature rows are not dropped.
Phase 2C pooled full-universe,daily,target_direction_5d,60,,all,feature_missingness_removed,0,Features are train-only median-imputed; missing feature rows are not dropped.
Phase 2C pooled full-universe,daily,target_direction_5d,60,,all,feature_missingness_removed,0,Features are train-only median-imputed; missing feature rows are not dropped.
Phase 2C pooled full-universe,daily,target_direction_5d,60,,all,feature_missingness_removed,0,Features are train-only median-imputed; missing feature rows are not dropped.
Phase 2C pooled full-universe,daily,target_direction_5d,120,,all,feature_missingness_removed,0,Features are train-only median-imputed; missing feature rows are not dropped.
Phase 2C pooled full-universe,daily,target_direction_5d,120,,all,feature_missingness_removed,0,Features are train-only median-imputed; missing feature rows are not dropped.
Phase 2C pooled full-universe,daily,target_direction_5d,120,,all,feature_missingness_removed,0,Features are train-only median-imputed; missing feature rows are not dropped.
Phase 2C pooled full-universe,daily,target_direction_5d,250,,all,feature_missingness_removed,0,Features are train-only median-imputed; missing feature rows are not dropped.
Phase 2C pooled full-universe,daily,target_direction_5d,250,,all,feature_missingness_removed,0,Features are train-only median-imputed; missing feature rows are not dropped.
Phase 2C pooled full-universe,daily,target_direction_5d,250,,all,feature_missingness_removed,0,Features are train-only median-imputed; missing feature rows are not dropped.
Phase 2C pooled full-universe,daily,target_log_realized_vol_5d,30,,all,feature_missingness_removed,0,Features are train-only median-imputed; missing feature rows are not dropped.
Phase 2C pooled full-universe,daily,target_log_realized_vol_5d,30,,all,feature_missingness_removed,0,Features are train-only median-imputed; missing feature rows are not dropped.
Phase 2C pooled full-universe,daily,target_log_realized_vol_5d,30,,all,feature_missingness_removed,0,Features are train-only median-imputed; missing feature rows are not dropped.
Phase 2C pooled full-universe,daily,target_log_realized_vol_5d,60,,all,feature_missingness_removed,0,Features are train-only median-imputed; missing feature rows are not dropped.
Phase 2C pooled full-universe,daily,target_log_realized_vol_5d,60,,all,feature_missingness_removed,0,Features are train-only median-imputed; missing feature rows are not dropped.
Phase 2C pooled full-universe,daily,target_log_realized_vol_5d,60,,all,feature_missingness_removed,0,Features are train-only median-imputed; missing feature rows are not dropped.
Phase 2C pooled full-universe,daily,target_log_realized_vol_5d,120,,all,feature_missingness_removed,0,Features are train-only median-imputed; missing feature rows are not dropped.
Phase 2C pooled full-universe,daily,target_log_realized_vol_5d,120,,all,feature_missingness_removed,0,Features are train-only median-imputed; missing feature rows are not dropped.
Phase 2C pooled full-universe,daily,target_log_realized_vol_5d,120,,all,feature_missingness_removed,0,Features are train-only median-imputed; missing feature rows are not dropped.
Phase 2C pooled full-universe,daily,target_log_realized_vol_5d,250,,all,feature_missingness_removed,0,Features are train-only median-imputed; missing feature rows are not dropped.
Phase 2C pooled full-universe,daily,target_log_realized_vol_5d,250,,all,feature_missingness_removed,0,Features are train-only median-imputed; missing feature rows are not dropped.
Phase 2C pooled full-universe,daily,target_log_realized_vol_5d,250,,all,feature_missingness_removed,0,Features are train-only median-imputed; missing feature rows are not dropped.
Phase 2C pooled full-universe,daily,target_stress_10d,30,,all,feature_missingness_removed,0,Features are train-only median-imputed; missing feature rows are not dropped.
Phase 2C pooled full-universe,daily,target_stress_10d,30,,all,feature_missingness_removed,0,Features are train-only median-imputed; missing feature rows are not dropped.
Phase 2C pooled full-universe,daily,target_stress_10d,30,,all,feature_missingness_removed,0,Features are train-only median-imputed; missing feature rows are not dropped.
Phase 2C pooled full-universe,daily,target_stress_10d,60,,all,feature_missingness_removed,0,Features are train-only median-imputed; missing feature rows are not dropped.
Phase 2C pooled full-universe,daily,target_stress_10d,60,,all,feature_missingness_removed,0,Features are train-only median-imputed; missing feature rows are not dropped.
Phase 2C pooled full-universe,daily,target_stress_10d,60,,all,feature_missingness_removed,0,Features are train-only median-imputed; missing feature rows are not dropped.
Phase 2C pooled full-universe,daily,target_stress_10d,120,,all,feature_missingness_removed,0,Features are train-only median-imputed; missing feature rows are not dropped.
Phase 2C pooled full-universe,daily,target_stress_10d,120,,all,feature_missingness_removed,0,Features are train-only median-imputed; missing feature rows are not dropped.
Phase 2C pooled full-universe,daily,target_stress_10d,120,,all,feature_missingness_removed,0,Features are train-only median-imputed; missing feature rows are not dropped.
Phase 2C pooled full-universe,daily,target_stress_10d,250,,all,feature_missingness_removed,0,Features are train-only median-imputed; missing feature rows are not dropped.
Phase 2C pooled full-universe,daily,target_stress_10d,250,,all,feature_missingness_removed,0,Features are train-only median-imputed; missing feature rows are not dropped.
Phase 2C pooled full-universe,daily,target_stress_10d,250,,all,feature_missingness_removed,0,Features are train-only median-imputed; missing feature rows are not dropped.
Phase 2C pooled full-universe,daily,target_direction_5d,30,,all,future_target_horizon_tail,400,At most the final target-horizon observed rows per asset cannot have a complete future label.
Phase 2C pooled full-universe,daily,target_direction_5d,30,,all,future_target_horizon_tail,400,At most the final target-horizon observed rows per asset cannot have a complete future label.
Phase 2C pooled full-universe,daily,target_direction_5d,30,,all,future_target_horizon_tail,400,At most the final target-horizon observed rows per asset cannot have a complete future label.
Phase 2C pooled full-universe,daily,target_direction_5d,60,,all,future_target_horizon_tail,400,At most the final target-horizon observed rows per asset cannot have a complete future label.
Phase 2C pooled full-universe,daily,target_direction_5d,60,,all,future_target_horizon_tail,400,At most the final target-horizon observed rows per asset cannot have a complete future label.
Phase 2C pooled full-universe,daily,target_direction_5d,60,,all,future_target_horizon_tail,400,At most the final target-horizon observed rows per asset cannot have a complete future label.
Phase 2C pooled full-universe,daily,target_direction_5d,120,,all,future_target_horizon_tail,400,At most the final target-horizon observed rows per asset cannot have a complete future label.
Phase 2C pooled full-universe,daily,target_direction_5d,120,,all,future_target_horizon_tail,400,At most the final target-horizon observed rows per asset cannot have a complete future label.
Phase 2C pooled full-universe,daily,target_direction_5d,120,,all,future_target_horizon_tail,400,At most the final target-horizon observed rows per asset cannot have a complete future label.
Phase 2C pooled full-universe,daily,target_direction_5d,250,,all,future_target_horizon_tail,400,At most the final target-horizon observed rows per asset cannot have a complete future label.
Phase 2C pooled full-universe,daily,target_direction_5d,250,,all,future_target_horizon_tail,400,At most the final target-horizon observed rows per asset cannot have a complete future label.
Phase 2C pooled full-universe,daily,target_direction_5d,250,,all,future_target_horizon_tail,400,At most the final target-horizon observed rows per asset cannot have a complete future label.
Phase 2C pooled full-universe,daily,target_log_realized_vol_5d,30,,all,future_target_horizon_tail,400,At most the final target-horizon observed rows per asset cannot have a complete future label.
Phase 2C pooled full-universe,daily,target_log_realized_vol_5d,30,,all,future_target_horizon_tail,400,At most the final target-horizon observed rows per asset cannot have a complete future label.
Phase 2C pooled full-universe,daily,target_log_realized_vol_5d,30,,all,future_target_horizon_tail,400,At most the final target-horizon observed rows per asset cannot have a complete future label.
Phase 2C pooled full-universe,daily,target_log_realized_vol_5d,60,,all,future_target_horizon_tail,400,At most the final target-horizon observed rows per asset cannot have a complete future label.
Phase 2C pooled full-universe,daily,target_log_realized_vol_5d,60,,all,future_target_horizon_tail,400,At most the final target-horizon observed rows per asset cannot have a complete future label.
Phase 2C pooled full-universe,daily,target_log_realized_vol_5d,60,,all,future_target_horizon_tail,400,At most the final target-horizon observed rows per asset cannot have a complete future label.
Phase 2C pooled full-universe,daily,target_log_realized_vol_5d,120,,all,future_target_horizon_tail,400,At most the final target-horizon observed rows per asset cannot have a complete future label.
Phase 2C pooled full-universe,daily,target_log_realized_vol_5d,120,,all,future_target_horizon_tail,400,At most the final target-horizon observed rows per asset cannot have a complete future label.
Phase 2C pooled full-universe,daily,target_log_realized_vol_5d,120,,all,future_target_horizon_tail,400,At most the final target-horizon observed rows per asset cannot have a complete future label.
Phase 2C pooled full-universe,daily,target_log_realized_vol_5d,250,,all,future_target_horizon_tail,400,At most the final target-horizon observed rows per asset cannot have a complete future label.
Phase 2C pooled full-universe,daily,target_log_realized_vol_5d,250,,all,future_target_horizon_tail,400,At most the final target-horizon observed rows per asset cannot have a complete future label.
Phase 2C pooled full-universe,daily,target_log_realized_vol_5d,250,,all,future_target_horizon_tail,400,At most the final target-horizon observed rows per asset cannot have a complete future label.
Phase 2C pooled full-universe,daily,target_stress_10d,30,,all,future_target_horizon_tail,800,At most the final target-horizon observed rows per asset cannot have a complete future label.
Phase 2C pooled full-universe,daily,target_stress_10d,30,,all,future_target_horizon_tail,800,At most the final target-horizon observed rows per asset cannot have a complete future label.
Phase 2C pooled full-universe,daily,target_stress_10d,30,,all,future_target_horizon_tail,800,At most the final target-horizon observed rows per asset cannot have a complete future label.
Phase 2C pooled full-universe,daily,target_stress_10d,60,,all,future_target_horizon_tail,800,At most the final target-horizon observed rows per asset cannot have a complete future label.
Phase 2C pooled full-universe,daily,target_stress_10d,60,,all,future_target_horizon_tail,800,At most the final target-horizon observed rows per asset cannot have a complete future label.
Phase 2C pooled full-universe,daily,target_stress_10d,60,,all,future_target_horizon_tail,800,At most the final target-horizon observed rows per asset cannot have a complete future label.
Phase 2C pooled full-universe,daily,target_stress_10d,120,,all,future_target_horizon_tail,800,At most the final target-horizon observed rows per asset cannot have a complete future label.
Phase 2C pooled full-universe,daily,target_stress_10d,120,,all,future_target_horizon_tail,800,At most the final target-horizon observed rows per asset cannot have a complete future label.
Phase 2C pooled full-universe,daily,target_stress_10d,120,,all,future_target_horizon_tail,800,At most the final target-horizon observed rows per asset cannot have a complete future label.
Phase 2C pooled full-universe,daily,target_stress_10d,250,,all,future_target_horizon_tail,800,At most the final target-horizon observed rows per asset cannot have a complete future label.
Phase 2C pooled full-universe,daily,target_stress_10d,250,,all,future_target_horizon_tail,800,At most the final target-horizon observed rows per asset cannot have a complete future label.
Phase 2C pooled full-universe,daily,target_stress_10d,250,,all,future_target_horizon_tail,800,At most the final target-horizon observed rows per asset cannot have a complete future label.
Phase 2C pooled full-universe,daily,target_direction_5d,30,,test,intentional_sampling_cap,0,Deterministic per-asset cap; zero for full-eligible stages.
Phase 2C pooled full-universe,daily,target_direction_5d,30,,test,intentional_sampling_cap,0,Deterministic per-asset cap; zero for full-eligible stages.
Phase 2C pooled full-universe,daily,target_direction_5d,30,,test,intentional_sampling_cap,0,Deterministic per-asset cap; zero for full-eligible stages.
Phase 2C pooled full-universe,daily,target_direction_5d,60,,test,intentional_sampling_cap,0,Deterministic per-asset cap; zero for full-eligible stages.
Phase 2C pooled full-universe,daily,target_direction_5d,60,,test,intentional_sampling_cap,0,Deterministic per-asset cap; zero for full-eligible stages.
Phase 2C pooled full-universe,daily,target_direction_5d,60,,test,intentional_sampling_cap,0,Deterministic per-asset cap; zero for full-eligible stages.
Phase 2C pooled full-universe,daily,target_direction_5d,120,,test,intentional_sampling_cap,0,Deterministic per-asset cap; zero for full-eligible stages.
Phase 2C pooled full-universe,daily,target_direction_5d,120,,test,intentional_sampling_cap,0,Deterministic per-asset cap; zero for full-eligible stages.
Phase 2C pooled full-universe,daily,target_direction_5d,120,,test,intentional_sampling_cap,0,Deterministic per-asset cap; zero for full-eligible stages.
Phase 2C pooled full-universe,daily,target_direction_5d,250,,test,intentional_sampling_cap,0,Deterministic per-asset cap; zero for full-eligible stages.
Phase 2C pooled full-universe,daily,target_direction_5d,250,,test,intentional_sampling_cap,0,Deterministic per-asset cap; zero for full-eligible stages.
Phase 2C pooled full-universe,daily,target_direction_5d,250,,test,intentional_sampling_cap,0,Deterministic per-asset cap; zero for full-eligible stages.
Phase 2C pooled full-universe,daily,target_log_realized_vol_5d,30,,test,intentional_sampling_cap,0,Deterministic per-asset cap; zero for full-eligible stages.
Phase 2C pooled full-universe,daily,target_log_realized_vol_5d,30,,test,intentional_sampling_cap,0,Deterministic per-asset cap; zero for full-eligible stages.
Phase 2C pooled full-universe,daily,target_log_realized_vol_5d,30,,test,intentional_sampling_cap,0,Deterministic per-asset cap; zero for full-eligible stages.
Phase 2C pooled full-universe,daily,target_log_realized_vol_5d,60,,test,intentional_sampling_cap,0,Deterministic per-asset cap; zero for full-eligible stages.
Phase 2C pooled full-universe,daily,target_log_realized_vol_5d,60,,test,intentional_sampling_cap,0,Deterministic per-asset cap; zero for full-eligible stages.
Phase 2C pooled full-universe,daily,target_log_realized_vol_5d,60,,test,intentional_sampling_cap,0,Deterministic per-asset cap; zero for full-eligible stages.
Phase 2C pooled full-universe,daily,target_log_realized_vol_5d,120,,test,intentional_sampling_cap,0,Deterministic per-asset cap; zero for full-eligible stages.
Phase 2C pooled full-universe,daily,target_log_realized_vol_5d,120,,test,intentional_sampling_cap,0,Deterministic per-asset cap; zero for full-eligible stages.
Phase 2C pooled full-universe,daily,target_log_realized_vol_5d,120,,test,intentional_sampling_cap,0,Deterministic per-asset cap; zero for full-eligible stages.
Phase 2C pooled full-universe,daily,target_log_realized_vol_5d,250,,test,intentional_sampling_cap,0,Deterministic per-asset cap; zero for full-eligible stages.
Phase 2C pooled full-universe,daily,target_log_realized_vol_5d,250,,test,intentional_sampling_cap,0,Deterministic per-asset cap; zero for full-eligible stages.
Phase 2C pooled full-universe,daily,target_log_realized_vol_5d,250,,test,intentional_sampling_cap,0,Deterministic per-asset cap; zero for full-eligible stages.
Phase 2C pooled full-universe,daily,target_stress_10d,30,,test,intentional_sampling_cap,0,Deterministic per-asset cap; zero for full-eligible stages.
Phase 2C pooled full-universe,daily,target_stress_10d,30,,test,intentional_sampling_cap,0,Deterministic per-asset cap; zero for full-eligible stages.
Phase 2C pooled full-universe,daily,target_stress_10d,30,,test,intentional_sampling_cap,0,Deterministic per-asset cap; zero for full-eligible stages.
Phase 2C pooled full-universe,daily,target_stress_10d,60,,test,intentional_sampling_cap,0,Deterministic per-asset cap; zero for full-eligible stages.
Phase 2C pooled full-universe,daily,target_stress_10d,60,,test,intentional_sampling_cap,0,Deterministic per-asset cap; zero for full-eligible stages.
Phase 2C pooled full-universe,daily,target_stress_10d,60,,test,intentional_sampling_cap,0,Deterministic per-asset cap; zero for full-eligible stages.
Phase 2C pooled full-universe,daily,target_stress_10d,120,,test,intentional_sampling_cap,0,Deterministic per-asset cap; zero for full-eligible stages.
Phase 2C pooled full-universe,daily,target_stress_10d,120,,test,intentional_sampling_cap,0,Deterministic per-asset cap; zero for full-eligible stages.
Phase 2C pooled full-universe,daily,target_stress_10d,120,,test,intentional_sampling_cap,0,Deterministic per-asset cap; zero for full-eligible stages.
Phase 2C pooled full-universe,daily,target_stress_10d,250,,test,intentional_sampling_cap,0,Deterministic per-asset cap; zero for full-eligible stages.
Phase 2C pooled full-universe,daily,target_stress_10d,250,,test,intentional_sampling_cap,0,Deterministic per-asset cap; zero for full-eligible stages.
Phase 2C pooled full-universe,daily,target_stress_10d,250,,test,intentional_sampling_cap,0,Deterministic per-asset cap; zero for full-eligible stages.
Phase 2C pooled full-universe,daily,target_direction_5d,30,,train,intentional_sampling_cap,0,Deterministic per-asset cap; zero for full-eligible stages.
Phase 2C pooled full-universe,daily,target_direction_5d,30,,train,intentional_sampling_cap,0,Deterministic per-asset cap; zero for full-eligible stages.
Phase 2C pooled full-universe,daily,target_direction_5d,30,,train,intentional_sampling_cap,0,Deterministic per-asset cap; zero for full-eligible stages.
Phase 2C pooled full-universe,daily,target_direction_5d,60,,train,intentional_sampling_cap,0,Deterministic per-asset cap; zero for full-eligible stages.
Phase 2C pooled full-universe,daily,target_direction_5d,60,,train,intentional_sampling_cap,0,Deterministic per-asset cap; zero for full-eligible stages.
Phase 2C pooled full-universe,daily,target_direction_5d,60,,train,intentional_sampling_cap,0,Deterministic per-asset cap; zero for full-eligible stages.
Phase 2C pooled full-universe,daily,target_direction_5d,120,,train,intentional_sampling_cap,0,Deterministic per-asset cap; zero for full-eligible stages.
Phase 2C pooled full-universe,daily,target_direction_5d,120,,train,intentional_sampling_cap,0,Deterministic per-asset cap; zero for full-eligible stages.
Phase 2C pooled full-universe,daily,target_direction_5d,120,,train,intentional_sampling_cap,0,Deterministic per-asset cap; zero for full-eligible stages.
Phase 2C pooled full-universe,daily,target_direction_5d,250,,train,intentional_sampling_cap,0,Deterministic per-asset cap; zero for full-eligible stages.
Phase 2C pooled full-universe,daily,target_direction_5d,250,,train,intentional_sampling_cap,0,Deterministic per-asset cap; zero for full-eligible stages.
Phase 2C pooled full-universe,daily,target_direction_5d,250,,train,intentional_sampling_cap,0,Deterministic per-asset cap; zero for full-eligible stages.
Phase 2C pooled full-universe,daily,target_log_realized_vol_5d,30,,train,intentional_sampling_cap,0,Deterministic per-asset cap; zero for full-eligible stages.
Phase 2C pooled full-universe,daily,target_log_realized_vol_5d,30,,train,intentional_sampling_cap,0,Deterministic per-asset cap; zero for full-eligible stages.
Phase 2C pooled full-universe,daily,target_log_realized_vol_5d,30,,train,intentional_sampling_cap,0,Deterministic per-asset cap; zero for full-eligible stages.
Phase 2C pooled full-universe,daily,target_log_realized_vol_5d,60,,train,intentional_sampling_cap,0,Deterministic per-asset cap; zero for full-eligible stages.
Phase 2C pooled full-universe,daily,target_log_realized_vol_5d,60,,train,intentional_sampling_cap,0,Deterministic per-asset cap; zero for full-eligible stages.
Phase 2C pooled full-universe,daily,target_log_realized_vol_5d,60,,train,intentional_sampling_cap,0,Deterministic per-asset cap; zero for full-eligible stages.
Phase 2C pooled full-universe,daily,target_log_realized_vol_5d,120,,train,intentional_sampling_cap,0,Deterministic per-asset cap; zero for full-eligible stages.
Phase 2C pooled full-universe,daily,target_log_realized_vol_5d,120,,train,intentional_sampling_cap,0,Deterministic per-asset cap; zero for full-eligible stages.
Phase 2C pooled full-universe,daily,target_log_realized_vol_5d,120,,train,intentional_sampling_cap,0,Deterministic per-asset cap; zero for full-eligible stages.
Phase 2C pooled full-universe,daily,target_log_realized_vol_5d,250,,train,intentional_sampling_cap,0,Deterministic per-asset cap; zero for full-eligible stages.
Phase 2C pooled full-universe,daily,target_log_realized_vol_5d,250,,train,intentional_sampling_cap,0,Deterministic per-asset cap; zero for full-eligible stages.
Phase 2C pooled full-universe,daily,target_log_realized_vol_5d,250,,train,intentional_sampling_cap,0,Deterministic per-asset cap; zero for full-eligible stages.
Phase 2C pooled full-universe,daily,target_stress_10d,30,,train,intentional_sampling_cap,0,Deterministic per-asset cap; zero for full-eligible stages.
Phase 2C pooled full-universe,daily,target_stress_10d,30,,train,intentional_sampling_cap,0,Deterministic per-asset cap; zero for full-eligible stages.
Phase 2C pooled full-universe,daily,target_stress_10d,30,,train,intentional_sampling_cap,0,Deterministic per-asset cap; zero for full-eligible stages.
Phase 2C pooled full-universe,daily,target_stress_10d,60,,train,intentional_sampling_cap,0,Deterministic per-asset cap; zero for full-eligible stages.
Phase 2C pooled full-universe,daily,target_stress_10d,60,,train,intentional_sampling_cap,0,Deterministic per-asset cap; zero for full-eligible stages.
Phase 2C pooled full-universe,daily,target_stress_10d,60,,train,intentional_sampling_cap,0,Deterministic per-asset cap; zero for full-eligible stages.
Phase 2C pooled full-universe,daily,target_stress_10d,120,,train,intentional_sampling_cap,0,Deterministic per-asset cap; zero for full-eligible stages.
Phase 2C pooled full-universe,daily,target_stress_10d,120,,train,intentional_sampling_cap,0,Deterministic per-asset cap; zero for full-eligible stages.
Phase 2C pooled full-universe,daily,target_stress_10d,120,,train,intentional_sampling_cap,0,Deterministic per-asset cap; zero for full-eligible stages.
Phase 2C pooled full-universe,daily,target_stress_10d,250,,train,intentional_sampling_cap,0,Deterministic per-asset cap; zero for full-eligible stages.
Phase 2C pooled full-universe,daily,target_stress_10d,250,,train,intentional_sampling_cap,0,Deterministic per-asset cap; zero for full-eligible stages.
Phase 2C pooled full-universe,daily,target_stress_10d,250,,train,intentional_sampling_cap,0,Deterministic per-asset cap; zero for full-eligible stages.
Phase 2C pooled full-universe,daily,target_direction_5d,30,,validation,intentional_sampling_cap,0,Deterministic per-asset cap; zero for full-eligible stages.
Phase 2C pooled full-universe,daily,target_direction_5d,30,,validation,intentional_sampling_cap,0,Deterministic per-asset cap; zero for full-eligible stages.
Phase 2C pooled full-universe,daily,target_direction_5d,30,,validation,intentional_sampling_cap,0,Deterministic per-asset cap; zero for full-eligible stages.
Phase 2C pooled full-universe,daily,target_direction_5d,60,,validation,intentional_sampling_cap,0,Deterministic per-asset cap; zero for full-eligible stages.
Phase 2C pooled full-universe,daily,target_direction_5d,60,,validation,intentional_sampling_cap,0,Deterministic per-asset cap; zero for full-eligible stages.
Phase 2C pooled full-universe,daily,target_direction_5d,60,,validation,intentional_sampling_cap,0,Deterministic per-asset cap; zero for full-eligible stages.
Phase 2C pooled full-universe,daily,target_direction_5d,120,,validation,intentional_sampling_cap,0,Deterministic per-asset cap; zero for full-eligible stages.
Phase 2C pooled full-universe,daily,target_direction_5d,120,,validation,intentional_sampling_cap,0,Deterministic per-asset cap; zero for full-eligible stages.
Phase 2C pooled full-universe,daily,target_direction_5d,120,,validation,intentional_sampling_cap,0,Deterministic per-asset cap; zero for full-eligible stages.
Phase 2C pooled full-universe,daily,target_direction_5d,250,,validation,intentional_sampling_cap,0,Deterministic per-asset cap; zero for full-eligible stages.
Phase 2C pooled full-universe,daily,target_direction_5d,250,,validation,intentional_sampling_cap,0,Deterministic per-asset cap; zero for full-eligible stages.
Phase 2C pooled full-universe,daily,target_direction_5d,250,,validation,intentional_sampling_cap,0,Deterministic per-asset cap; zero for full-eligible stages.
Phase 2C pooled full-universe,daily,target_log_realized_vol_5d,30,,validation,intentional_sampling_cap,0,Deterministic per-asset cap; zero for full-eligible stages.
Phase 2C pooled full-universe,daily,target_log_realized_vol_5d,30,,validation,intentional_sampling_cap,0,Deterministic per-asset cap; zero for full-eligible stages.
Phase 2C pooled full-universe,daily,target_log_realized_vol_5d,30,,validation,intentional_sampling_cap,0,Deterministic per-asset cap; zero for full-eligible stages.
Phase 2C pooled full-universe,daily,target_log_realized_vol_5d,60,,validation,intentional_sampling_cap,0,Deterministic per-asset cap; zero for full-eligible stages.
Phase 2C pooled full-universe,daily,target_log_realized_vol_5d,60,,validation,intentional_sampling_cap,0,Deterministic per-asset cap; zero for full-eligible stages.
Phase 2C pooled full-universe,daily,target_log_realized_vol_5d,60,,validation,intentional_sampling_cap,0,Deterministic per-asset cap; zero for full-eligible stages.
Phase 2C pooled full-universe,daily,target_log_realized_vol_5d,120,,validation,intentional_sampling_cap,0,Deterministic per-asset cap; zero for full-eligible stages.
Phase 2C pooled full-universe,daily,target_log_realized_vol_5d,120,,validation,intentional_sampling_cap,0,Deterministic per-asset cap; zero for full-eligible stages.
Phase 2C pooled full-universe,daily,target_log_realized_vol_5d,120,,validation,intentional_sampling_cap,0,Deterministic per-asset cap; zero for full-eligible stages.
Phase 2C pooled full-universe,daily,target_log_realized_vol_5d,250,,validation,intentional_sampling_cap,0,Deterministic per-asset cap; zero for full-eligible stages.
Phase 2C pooled full-universe,daily,target_log_realized_vol_5d,250,,validation,intentional_sampling_cap,0,Deterministic per-asset cap; zero for full-eligible stages.
Phase 2C pooled full-universe,daily,target_log_realized_vol_5d,250,,validation,intentional_sampling_cap,0,Deterministic per-asset cap; zero for full-eligible stages.
Phase 2C pooled full-universe,daily,target_stress_10d,30,,validation,intentional_sampling_cap,0,Deterministic per-asset cap; zero for full-eligible stages.
Phase 2C pooled full-universe,daily,target_stress_10d,30,,validation,intentional_sampling_cap,0,Deterministic per-asset cap; zero for full-eligible stages.
Phase 2C pooled full-universe,daily,target_stress_10d,30,,validation,intentional_sampling_cap,0,Deterministic per-asset cap; zero for full-eligible stages.
Phase 2C pooled full-universe,daily,target_stress_10d,60,,validation,intentional_sampling_cap,0,Deterministic per-asset cap; zero for full-eligible stages.
Phase 2C pooled full-universe,daily,target_stress_10d,60,,validation,intentional_sampling_cap,0,Deterministic per-asset cap; zero for full-eligible stages.
Phase 2C pooled full-universe,daily,target_stress_10d,60,,validation,intentional_sampling_cap,0,Deterministic per-asset cap; zero for full-eligible stages.
Phase 2C pooled full-universe,daily,target_stress_10d,120,,validation,intentional_sampling_cap,0,Deterministic per-asset cap; zero for full-eligible stages.
Phase 2C pooled full-universe,daily,target_stress_10d,120,,validation,intentional_sampling_cap,0,Deterministic per-asset cap; zero for full-eligible stages.
Phase 2C pooled full-universe,daily,target_stress_10d,120,,validation,intentional_sampling_cap,0,Deterministic per-asset cap; zero for full-eligible stages.
Phase 2C pooled full-universe,daily,target_stress_10d,250,,validation,intentional_sampling_cap,0,Deterministic per-asset cap; zero for full-eligible stages.
Phase 2C pooled full-universe,daily,target_stress_10d,250,,validation,intentional_sampling_cap,0,Deterministic per-asset cap; zero for full-eligible stages.
Phase 2C pooled full-universe,daily,target_stress_10d,250,,validation,intentional_sampling_cap,0,Deterministic per-asset cap; zero for full-eligible stages.
Phase 2C pooled full-universe,daily,target_direction_5d,30,,test,lookback_warmup,2320,Strict windows do not cross a split boundary; each represented asset loses lookback - 1 endpoints per segment.
Phase 2C pooled full-universe,daily,target_direction_5d,30,,test,lookback_warmup,2320,Strict windows do not cross a split boundary; each represented asset loses lookback - 1 endpoints per segment.
Phase 2C pooled full-universe,daily,target_direction_5d,30,,test,lookback_warmup,2291,Strict windows do not cross a split boundary; each represented asset loses lookback - 1 endpoints per segment.
Phase 2C pooled full-universe,daily,target_direction_5d,60,,test,lookback_warmup,4720,Strict windows do not cross a split boundary; each represented asset loses lookback - 1 endpoints per segment.
Phase 2C pooled full-universe,daily,target_direction_5d,60,,test,lookback_warmup,4720,Strict windows do not cross a split boundary; each represented asset loses lookback - 1 endpoints per segment.
Phase 2C pooled full-universe,daily,target_direction_5d,60,,test,lookback_warmup,4661,Strict windows do not cross a split boundary; each represented asset loses lookback - 1 endpoints per segment.
Phase 2C pooled full-universe,daily,target_direction_5d,120,,test,lookback_warmup,9520,Strict windows do not cross a split boundary; each represented asset loses lookback - 1 endpoints per segment.
Phase 2C pooled full-universe,daily,target_direction_5d,120,,test,lookback_warmup,9520,Strict windows do not cross a split boundary; each represented asset loses lookback - 1 endpoints per segment.
Phase 2C pooled full-universe,daily,target_direction_5d,120,,test,lookback_warmup,9401,Strict windows do not cross a split boundary; each represented asset loses lookback - 1 endpoints per segment.
Phase 2C pooled full-universe,daily,target_direction_5d,250,,test,lookback_warmup,18177,Strict windows do not cross a split boundary; each represented asset loses lookback - 1 endpoints per segment.
Phase 2C pooled full-universe,daily,target_direction_5d,250,,test,lookback_warmup,18177,Strict windows do not cross a split boundary; each represented asset loses lookback - 1 endpoints per segment.
Phase 2C pooled full-universe,daily,target_direction_5d,250,,test,lookback_warmup,17928,Strict windows do not cross a split boundary; each represented asset loses lookback - 1 endpoints per segment.
Phase 2C pooled full-universe,daily,target_log_realized_vol_5d,30,,test,lookback_warmup,2117,Strict windows do not cross a split boundary; each represented asset loses lookback - 1 endpoints per segment.
Phase 2C pooled full-universe,daily,target_log_realized_vol_5d,30,,test,lookback_warmup,2117,Strict windows do not cross a split boundary; each represented asset loses lookback - 1 endpoints per segment.
Phase 2C pooled full-universe,daily,target_log_realized_vol_5d,30,,test,lookback_warmup,2088,Strict windows do not cross a split boundary; each represented asset loses lookback - 1 endpoints per segment.
Phase 2C pooled full-universe,daily,target_log_realized_vol_5d,60,,test,lookback_warmup,4307,Strict windows do not cross a split boundary; each represented asset loses lookback - 1 endpoints per segment.
Phase 2C pooled full-universe,daily,target_log_realized_vol_5d,60,,test,lookback_warmup,4307,Strict windows do not cross a split boundary; each represented asset loses lookback - 1 endpoints per segment.
Phase 2C pooled full-universe,daily,target_log_realized_vol_5d,60,,test,lookback_warmup,4248,Strict windows do not cross a split boundary; each represented asset loses lookback - 1 endpoints per segment.
Phase 2C pooled full-universe,daily,target_log_realized_vol_5d,120,,test,lookback_warmup,8687,Strict windows do not cross a split boundary; each represented asset loses lookback - 1 endpoints per segment.
Phase 2C pooled full-universe,daily,target_log_realized_vol_5d,120,,test,lookback_warmup,8687,Strict windows do not cross a split boundary; each represented asset loses lookback - 1 endpoints per segment.
Phase 2C pooled full-universe,daily,target_log_realized_vol_5d,120,,test,lookback_warmup,8568,Strict windows do not cross a split boundary; each represented asset loses lookback - 1 endpoints per segment.
Phase 2C pooled full-universe,daily,target_log_realized_vol_5d,250,,test,lookback_warmup,18177,Strict windows do not cross a split boundary; each represented asset loses lookback - 1 endpoints per segment.
Phase 2C pooled full-universe,daily,target_log_realized_vol_5d,250,,test,lookback_warmup,18177,Strict windows do not cross a split boundary; each represented asset loses lookback - 1 endpoints per segment.
Phase 2C pooled full-universe,daily,target_log_realized_vol_5d,250,,test,lookback_warmup,17928,Strict windows do not cross a split boundary; each represented asset loses lookback - 1 endpoints per segment.
Phase 2C pooled full-universe,daily,target_stress_10d,30,,test,lookback_warmup,2117,Strict windows do not cross a split boundary; each represented asset loses lookback - 1 endpoints per segment.
Phase 2C pooled full-universe,daily,target_stress_10d,30,,test,lookback_warmup,2117,Strict windows do not cross a split boundary; each represented asset loses lookback - 1 endpoints per segment.
Phase 2C pooled full-universe,daily,target_stress_10d,30,,test,lookback_warmup,2088,Strict windows do not cross a split boundary; each represented asset loses lookback - 1 endpoints per segment.
Phase 2C pooled full-universe,daily,target_stress_10d,60,,test,lookback_warmup,4307,Strict windows do not cross a split boundary; each represented asset loses lookback - 1 endpoints per segment.
Phase 2C pooled full-universe,daily,target_stress_10d,60,,test,lookback_warmup,4307,Strict windows do not cross a split boundary; each represented asset loses lookback - 1 endpoints per segment.
Phase 2C pooled full-universe,daily,target_stress_10d,60,,test,lookback_warmup,4248,Strict windows do not cross a split boundary; each represented asset loses lookback - 1 endpoints per segment.
Phase 2C pooled full-universe,daily,target_stress_10d,120,,test,lookback_warmup,8687,Strict windows do not cross a split boundary; each represented asset loses lookback - 1 endpoints per segment.
Phase 2C pooled full-universe,daily,target_stress_10d,120,,test,lookback_warmup,8687,Strict windows do not cross a split boundary; each represented asset loses lookback - 1 endpoints per segment.
Phase 2C pooled full-universe,daily,target_stress_10d,120,,test,lookback_warmup,8568,Strict windows do not cross a split boundary; each represented asset loses lookback - 1 endpoints per segment.
Phase 2C pooled full-universe,daily,target_stress_10d,250,,test,lookback_warmup,18177,Strict windows do not cross a split boundary; each represented asset loses lookback - 1 endpoints per segment.
Phase 2C pooled full-universe,daily,target_stress_10d,250,,test,lookback_warmup,18177,Strict windows do not cross a split boundary; each represented asset loses lookback - 1 endpoints per segment.
Phase 2C pooled full-universe,daily,target_stress_10d,250,,test,lookback_warmup,17928,Strict windows do not cross a split boundary; each represented asset loses lookback - 1 endpoints per segment.
Phase 2C pooled full-universe,daily,target_direction_5d,30,,train,lookback_warmup,2320,Strict windows do not cross a split boundary; each represented asset loses lookback - 1 endpoints per segment.
Phase 2C pooled full-universe,daily,target_direction_5d,30,,train,lookback_warmup,2320,Strict windows do not cross a split boundary; each represented asset loses lookback - 1 endpoints per segment.
Phase 2C pooled full-universe,daily,target_direction_5d,30,,train,lookback_warmup,2291,Strict windows do not cross a split boundary; each represented asset loses lookback - 1 endpoints per segment.
Phase 2C pooled full-universe,daily,target_direction_5d,60,,train,lookback_warmup,4720,Strict windows do not cross a split boundary; each represented asset loses lookback - 1 endpoints per segment.
Phase 2C pooled full-universe,daily,target_direction_5d,60,,train,lookback_warmup,4720,Strict windows do not cross a split boundary; each represented asset loses lookback - 1 endpoints per segment.
Phase 2C pooled full-universe,daily,target_direction_5d,60,,train,lookback_warmup,4661,Strict windows do not cross a split boundary; each represented asset loses lookback - 1 endpoints per segment.
Phase 2C pooled full-universe,daily,target_direction_5d,120,,train,lookback_warmup,9520,Strict windows do not cross a split boundary; each represented asset loses lookback - 1 endpoints per segment.
Phase 2C pooled full-universe,daily,target_direction_5d,120,,train,lookback_warmup,9520,Strict windows do not cross a split boundary; each represented asset loses lookback - 1 endpoints per segment.
Phase 2C pooled full-universe,daily,target_direction_5d,120,,train,lookback_warmup,9401,Strict windows do not cross a split boundary; each represented asset loses lookback - 1 endpoints per segment.
Phase 2C pooled full-universe,daily,target_direction_5d,250,,train,lookback_warmup,18177,Strict windows do not cross a split boundary; each represented asset loses lookback - 1 endpoints per segment.
Phase 2C pooled full-universe,daily,target_direction_5d,250,,train,lookback_warmup,18177,Strict windows do not cross a split boundary; each represented asset loses lookback - 1 endpoints per segment.
Phase 2C pooled full-universe,daily,target_direction_5d,250,,train,lookback_warmup,17928,Strict windows do not cross a split boundary; each represented asset loses lookback - 1 endpoints per segment.
Phase 2C pooled full-universe,daily,target_log_realized_vol_5d,30,,train,lookback_warmup,2117,Strict windows do not cross a split boundary; each represented asset loses lookback - 1 endpoints per segment.
Phase 2C pooled full-universe,daily,target_log_realized_vol_5d,30,,train,lookback_warmup,2117,Strict windows do not cross a split boundary; each represented asset loses lookback - 1 endpoints per segment.
Phase 2C pooled full-universe,daily,target_log_realized_vol_5d,30,,train,lookback_warmup,2088,Strict windows do not cross a split boundary; each represented asset loses lookback - 1 endpoints per segment.
Phase 2C pooled full-universe,daily,target_log_realized_vol_5d,60,,train,lookback_warmup,4307,Strict windows do not cross a split boundary; each represented asset loses lookback - 1 endpoints per segment.
Phase 2C pooled full-universe,daily,target_log_realized_vol_5d,60,,train,lookback_warmup,4307,Strict windows do not cross a split boundary; each represented asset loses lookback - 1 endpoints per segment.
Phase 2C pooled full-universe,daily,target_log_realized_vol_5d,60,,train,lookback_warmup,4248,Strict windows do not cross a split boundary; each represented asset loses lookback - 1 endpoints per segment.
Phase 2C pooled full-universe,daily,target_log_realized_vol_5d,120,,train,lookback_warmup,8687,Strict windows do not cross a split boundary; each represented asset loses lookback - 1 endpoints per segment.
Phase 2C pooled full-universe,daily,target_log_realized_vol_5d,120,,train,lookback_warmup,8687,Strict windows do not cross a split boundary; each represented asset loses lookback - 1 endpoints per segment.
Phase 2C pooled full-universe,daily,target_log_realized_vol_5d,120,,train,lookback_warmup,8568,Strict windows do not cross a split boundary; each represented asset loses lookback - 1 endpoints per segment.
Phase 2C pooled full-universe,daily,target_log_realized_vol_5d,250,,train,lookback_warmup,18177,Strict windows do not cross a split boundary; each represented asset loses lookback - 1 endpoints per segment.
Phase 2C pooled full-universe,daily,target_log_realized_vol_5d,250,,train,lookback_warmup,18177,Strict windows do not cross a split boundary; each represented asset loses lookback - 1 endpoints per segment.
Phase 2C pooled full-universe,daily,target_log_realized_vol_5d,250,,train,lookback_warmup,17928,Strict windows do not cross a split boundary; each represented asset loses lookback - 1 endpoints per segment.
Phase 2C pooled full-universe,daily,target_stress_10d,30,,train,lookback_warmup,2117,Strict windows do not cross a split boundary; each represented asset loses lookback - 1 endpoints per segment.
Phase 2C pooled full-universe,daily,target_stress_10d,30,,train,lookback_warmup,2117,Strict windows do not cross a split boundary; each represented asset loses lookback - 1 endpoints per segment.
Phase 2C pooled full-universe,daily,target_stress_10d,30,,train,lookback_warmup,2088,Strict windows do not cross a split boundary; each represented asset loses lookback - 1 endpoints per segment.
Phase 2C pooled full-universe,daily,target_stress_10d,60,,train,lookback_warmup,4307,Strict windows do not cross a split boundary; each represented asset loses lookback - 1 endpoints per segment.
Phase 2C pooled full-universe,daily,target_stress_10d,60,,train,lookback_warmup,4307,Strict windows do not cross a split boundary; each represented asset loses lookback - 1 endpoints per segment.
Phase 2C pooled full-universe,daily,target_stress_10d,60,,train,lookback_warmup,4248,Strict windows do not cross a split boundary; each represented asset loses lookback - 1 endpoints per segment.
Phase 2C pooled full-universe,daily,target_stress_10d,120,,train,lookback_warmup,8687,Strict windows do not cross a split boundary; each represented asset loses lookback - 1 endpoints per segment.
Phase 2C pooled full-universe,daily,target_stress_10d,120,,train,lookback_warmup,8687,Strict windows do not cross a split boundary; each represented asset loses lookback - 1 endpoints per segment.
Phase 2C pooled full-universe,daily,target_stress_10d,120,,train,lookback_warmup,8568,Strict windows do not cross a split boundary; each represented asset loses lookback - 1 endpoints per segment.
Phase 2C pooled full-universe,daily,target_stress_10d,250,,train,lookback_warmup,18177,Strict windows do not cross a split boundary; each represented asset loses lookback - 1 endpoints per segment.
Phase 2C pooled full-universe,daily,target_stress_10d,250,,train,lookback_warmup,18177,Strict windows do not cross a split boundary; each represented asset loses lookback - 1 endpoints per segment.
Phase 2C pooled full-universe,daily,target_stress_10d,250,,train,lookback_warmup,17928,Strict windows do not cross a split boundary; each represented asset loses lookback - 1 endpoints per segment.
Phase 2C pooled full-universe,daily,target_direction_5d,30,,validation,lookback_warmup,2320,Strict windows do not cross a split boundary; each represented asset loses lookback - 1 endpoints per segment.
Phase 2C pooled full-universe,daily,target_direction_5d,30,,validation,lookback_warmup,2320,Strict windows do not cross a split boundary; each represented asset loses lookback - 1 endpoints per segment.
Phase 2C pooled full-universe,daily,target_direction_5d,30,,validation,lookback_warmup,2291,Strict windows do not cross a split boundary; each represented asset loses lookback - 1 endpoints per segment.
Phase 2C pooled full-universe,daily,target_direction_5d,60,,validation,lookback_warmup,4720,Strict windows do not cross a split boundary; each represented asset loses lookback - 1 endpoints per segment.
Phase 2C pooled full-universe,daily,target_direction_5d,60,,validation,lookback_warmup,4720,Strict windows do not cross a split boundary; each represented asset loses lookback - 1 endpoints per segment.
Phase 2C pooled full-universe,daily,target_direction_5d,60,,validation,lookback_warmup,4661,Strict windows do not cross a split boundary; each represented asset loses lookback - 1 endpoints per segment.
Phase 2C pooled full-universe,daily,target_direction_5d,120,,validation,lookback_warmup,9520,Strict windows do not cross a split boundary; each represented asset loses lookback - 1 endpoints per segment.
Phase 2C pooled full-universe,daily,target_direction_5d,120,,validation,lookback_warmup,9520,Strict windows do not cross a split boundary; each represented asset loses lookback - 1 endpoints per segment.
Phase 2C pooled full-universe,daily,target_direction_5d,120,,validation,lookback_warmup,9401,Strict windows do not cross a split boundary; each represented asset loses lookback - 1 endpoints per segment.
Phase 2C pooled full-universe,daily,target_direction_5d,250,,validation,lookback_warmup,18177,Strict windows do not cross a split boundary; each represented asset loses lookback - 1 endpoints per segment.
Phase 2C pooled full-universe,daily,target_direction_5d,250,,validation,lookback_warmup,18177,Strict windows do not cross a split boundary; each represented asset loses lookback - 1 endpoints per segment.
Phase 2C pooled full-universe,daily,target_direction_5d,250,,validation,lookback_warmup,17928,Strict windows do not cross a split boundary; each represented asset loses lookback - 1 endpoints per segment.
Phase 2C pooled full-universe,daily,target_log_realized_vol_5d,30,,validation,lookback_warmup,2117,Strict windows do not cross a split boundary; each represented asset loses lookback - 1 endpoints per segment.
Phase 2C pooled full-universe,daily,target_log_realized_vol_5d,30,,validation,lookback_warmup,2117,Strict windows do not cross a split boundary; each represented asset loses lookback - 1 endpoints per segment.
Phase 2C pooled full-universe,daily,target_log_realized_vol_5d,30,,validation,lookback_warmup,2088,Strict windows do not cross a split boundary; each represented asset loses lookback - 1 endpoints per segment.
Phase 2C pooled full-universe,daily,target_log_realized_vol_5d,60,,validation,lookback_warmup,4307,Strict windows do not cross a split boundary; each represented asset loses lookback - 1 endpoints per segment.
Phase 2C pooled full-universe,daily,target_log_realized_vol_5d,60,,validation,lookback_warmup,4307,Strict windows do not cross a split boundary; each represented asset loses lookback - 1 endpoints per segment.
Phase 2C pooled full-universe,daily,target_log_realized_vol_5d,60,,validation,lookback_warmup,4248,Strict windows do not cross a split boundary; each represented asset loses lookback - 1 endpoints per segment.
Phase 2C pooled full-universe,daily,target_log_realized_vol_5d,120,,validation,lookback_warmup,8687,Strict windows do not cross a split boundary; each represented asset loses lookback - 1 endpoints per segment.
Phase 2C pooled full-universe,daily,target_log_realized_vol_5d,120,,validation,lookback_warmup,8687,Strict windows do not cross a split boundary; each represented asset loses lookback - 1 endpoints per segment.
Phase 2C pooled full-universe,daily,target_log_realized_vol_5d,120,,validation,lookback_warmup,8568,Strict windows do not cross a split boundary; each represented asset loses lookback - 1 endpoints per segment.
Phase 2C pooled full-universe,daily,target_log_realized_vol_5d,250,,validation,lookback_warmup,18177,Strict windows do not cross a split boundary; each represented asset loses lookback - 1 endpoints per segment.
Phase 2C pooled full-universe,daily,target_log_realized_vol_5d,250,,validation,lookback_warmup,18177,Strict windows do not cross a split boundary; each represented asset loses lookback - 1 endpoints per segment.
Phase 2C pooled full-universe,daily,target_log_realized_vol_5d,250,,validation,lookback_warmup,17928,Strict windows do not cross a split boundary; each represented asset loses lookback - 1 endpoints per segment.
Phase 2C pooled full-universe,daily,target_stress_10d,30,,validation,lookback_warmup,2117,Strict windows do not cross a split boundary; each represented asset loses lookback - 1 endpoints per segment.
Phase 2C pooled full-universe,daily,target_stress_10d,30,,validation,lookback_warmup,2117,Strict windows do not cross a split boundary; each represented asset loses lookback - 1 endpoints per segment.
Phase 2C pooled full-universe,daily,target_stress_10d,30,,validation,lookback_warmup,2088,Strict windows do not cross a split boundary; each represented asset loses lookback - 1 endpoints per segment.
Phase 2C pooled full-universe,daily,target_stress_10d,60,,validation,lookback_warmup,4307,Strict windows do not cross a split boundary; each represented asset loses lookback - 1 endpoints per segment.
Phase 2C pooled full-universe,daily,target_stress_10d,60,,validation,lookback_warmup,4307,Strict windows do not cross a split boundary; each represented asset loses lookback - 1 endpoints per segment.
Phase 2C pooled full-universe,daily,target_stress_10d,60,,validation,lookback_warmup,4248,Strict windows do not cross a split boundary; each represented asset loses lookback - 1 endpoints per segment.
Phase 2C pooled full-universe,daily,target_stress_10d,120,,validation,lookback_warmup,8687,Strict windows do not cross a split boundary; each represented asset loses lookback - 1 endpoints per segment.
Phase 2C pooled full-universe,daily,target_stress_10d,120,,validation,lookback_warmup,8687,Strict windows do not cross a split boundary; each represented asset loses lookback - 1 endpoints per segment.
Phase 2C pooled full-universe,daily,target_stress_10d,120,,validation,lookback_warmup,8568,Strict windows do not cross a split boundary; each represented asset loses lookback - 1 endpoints per segment.
Phase 2C pooled full-universe,daily,target_stress_10d,250,,validation,lookback_warmup,18177,Strict windows do not cross a split boundary; each represented asset loses lookback - 1 endpoints per segment.
Phase 2C pooled full-universe,daily,target_stress_10d,250,,validation,lookback_warmup,18177,Strict windows do not cross a split boundary; each represented asset loses lookback - 1 endpoints per segment.
Phase 2C pooled full-universe,daily,target_stress_10d,250,,validation,lookback_warmup,17928,Strict windows do not cross a split boundary; each represented asset loses lookback - 1 endpoints per segment.
Phase 2C pooled full-universe,daily,target_direction_5d,30,,all,other_observed_target_unavailable,8626,"Observed rows without a valid target beyond the terminal horizon, typically because the target's required future/past inputs are unavailable."
Phase 2C pooled full-universe,daily,target_direction_5d,30,,all,other_observed_target_unavailable,8626,"Observed rows without a valid target beyond the terminal horizon, typically because the target's required future/past inputs are unavailable."
Phase 2C pooled full-universe,daily,target_direction_5d,30,,all,other_observed_target_unavailable,8626,"Observed rows without a valid target beyond the terminal horizon, typically because the target's required future/past inputs are unavailable."
Phase 2C pooled full-universe,daily,target_direction_5d,60,,all,other_observed_target_unavailable,8626,"Observed rows without a valid target beyond the terminal horizon, typically because the target's required future/past inputs are unavailable."
Phase 2C pooled full-universe,daily,target_direction_5d,60,,all,other_observed_target_unavailable,8626,"Observed rows without a valid target beyond the terminal horizon, typically because the target's required future/past inputs are unavailable."
Phase 2C pooled full-universe,daily,target_direction_5d,60,,all,other_observed_target_unavailable,8626,"Observed rows without a valid target beyond the terminal horizon, typically because the target's required future/past inputs are unavailable."
Phase 2C pooled full-universe,daily,target_direction_5d,120,,all,other_observed_target_unavailable,8626,"Observed rows without a valid target beyond the terminal horizon, typically because the target's required future/past inputs are unavailable."
Phase 2C pooled full-universe,daily,target_direction_5d,120,,all,other_observed_target_unavailable,8626,"Observed rows without a valid target beyond the terminal horizon, typically because the target's required future/past inputs are unavailable."
Phase 2C pooled full-universe,daily,target_direction_5d,120,,all,other_observed_target_unavailable,8626,"Observed rows without a valid target beyond the terminal horizon, typically because the target's required future/past inputs are unavailable."
Phase 2C pooled full-universe,daily,target_direction_5d,250,,all,other_observed_target_unavailable,8626,"Observed rows without a valid target beyond the terminal horizon, typically because the target's required future/past inputs are unavailable."
Phase 2C pooled full-universe,daily,target_direction_5d,250,,all,other_observed_target_unavailable,8626,"Observed rows without a valid target beyond the terminal horizon, typically because the target's required future/past inputs are unavailable."
Phase 2C pooled full-universe,daily,target_direction_5d,250,,all,other_observed_target_unavailable,8626,"Observed rows without a valid target beyond the terminal horizon, typically because the target's required future/past inputs are unavailable."
Phase 2C pooled full-universe,daily,target_log_realized_vol_5d,30,,all,other_observed_target_unavailable,20687,"Observed rows without a valid target beyond the terminal horizon, typically because the target's required future/past inputs are unavailable."
Phase 2C pooled full-universe,daily,target_log_realized_vol_5d,30,,all,other_observed_target_unavailable,20687,"Observed rows without a valid target beyond the terminal horizon, typically because the target's required future/past inputs are unavailable."
Phase 2C pooled full-universe,daily,target_log_realized_vol_5d,30,,all,other_observed_target_unavailable,20687,"Observed rows without a valid target beyond the terminal horizon, typically because the target's required future/past inputs are unavailable."
Phase 2C pooled full-universe,daily,target_log_realized_vol_5d,60,,all,other_observed_target_unavailable,20687,"Observed rows without a valid target beyond the terminal horizon, typically because the target's required future/past inputs are unavailable."
Phase 2C pooled full-universe,daily,target_log_realized_vol_5d,60,,all,other_observed_target_unavailable,20687,"Observed rows without a valid target beyond the terminal horizon, typically because the target's required future/past inputs are unavailable."
Phase 2C pooled full-universe,daily,target_log_realized_vol_5d,60,,all,other_observed_target_unavailable,20687,"Observed rows without a valid target beyond the terminal horizon, typically because the target's required future/past inputs are unavailable."
Phase 2C pooled full-universe,daily,target_log_realized_vol_5d,120,,all,other_observed_target_unavailable,20687,"Observed rows without a valid target beyond the terminal horizon, typically because the target's required future/past inputs are unavailable."
Phase 2C pooled full-universe,daily,target_log_realized_vol_5d,120,,all,other_observed_target_unavailable,20687,"Observed rows without a valid target beyond the terminal horizon, typically because the target's required future/past inputs are unavailable."
Phase 2C pooled full-universe,daily,target_log_realized_vol_5d,120,,all,other_observed_target_unavailable,20687,"Observed rows without a valid target beyond the terminal horizon, typically because the target's required future/past inputs are unavailable."
Phase 2C pooled full-universe,daily,target_log_realized_vol_5d,250,,all,other_observed_target_unavailable,20687,"Observed rows without a valid target beyond the terminal horizon, typically because the target's required future/past inputs are unavailable."
Phase 2C pooled full-universe,daily,target_log_realized_vol_5d,250,,all,other_observed_target_unavailable,20687,"Observed rows without a valid target beyond the terminal horizon, typically because the target's required future/past inputs are unavailable."
Phase 2C pooled full-universe,daily,target_log_realized_vol_5d,250,,all,other_observed_target_unavailable,20687,"Observed rows without a valid target beyond the terminal horizon, typically because the target's required future/past inputs are unavailable."
Phase 2C pooled full-universe,daily,target_stress_10d,30,,all,other_observed_target_unavailable,20687,"Observed rows without a valid target beyond the terminal horizon, typically because the target's required future/past inputs are unavailable."
Phase 2C pooled full-universe,daily,target_stress_10d,30,,all,other_observed_target_unavailable,20687,"Observed rows without a valid target beyond the terminal horizon, typically because the target's required future/past inputs are unavailable."
Phase 2C pooled full-universe,daily,target_stress_10d,30,,all,other_observed_target_unavailable,20687,"Observed rows without a valid target beyond the terminal horizon, typically because the target's required future/past inputs are unavailable."
Phase 2C pooled full-universe,daily,target_stress_10d,60,,all,other_observed_target_unavailable,20687,"Observed rows without a valid target beyond the terminal horizon, typically because the target's required future/past inputs are unavailable."
Phase 2C pooled full-universe,daily,target_stress_10d,60,,all,other_observed_target_unavailable,20687,"Observed rows without a valid target beyond the terminal horizon, typically because the target's required future/past inputs are unavailable."
Phase 2C pooled full-universe,daily,target_stress_10d,60,,all,other_observed_target_unavailable,20687,"Observed rows without a valid target beyond the terminal horizon, typically because the target's required future/past inputs are unavailable."
Phase 2C pooled full-universe,daily,target_stress_10d,120,,all,other_observed_target_unavailable,20687,"Observed rows without a valid target beyond the terminal horizon, typically because the target's required future/past inputs are unavailable."
Phase 2C pooled full-universe,daily,target_stress_10d,120,,all,other_observed_target_unavailable,20687,"Observed rows without a valid target beyond the terminal horizon, typically because the target's required future/past inputs are unavailable."
Phase 2C pooled full-universe,daily,target_stress_10d,120,,all,other_observed_target_unavailable,20687,"Observed rows without a valid target beyond the terminal horizon, typically because the target's required future/past inputs are unavailable."
Phase 2C pooled full-universe,daily,target_stress_10d,250,,all,other_observed_target_unavailable,20687,"Observed rows without a valid target beyond the terminal horizon, typically because the target's required future/past inputs are unavailable."
Phase 2C pooled full-universe,daily,target_stress_10d,250,,all,other_observed_target_unavailable,20687,"Observed rows without a valid target beyond the terminal horizon, typically because the target's required future/past inputs are unavailable."
Phase 2C pooled full-universe,daily,target_stress_10d,250,,all,other_observed_target_unavailable,20687,"Observed rows without a valid target beyond the terminal horizon, typically because the target's required future/past inputs are unavailable."
Phase 2C pooled full-universe,daily,target_direction_5d,30,,all,purge_dates,10,Configured target-horizon purge before validation and test boundaries.
Phase 2C pooled full-universe,daily,target_direction_5d,30,,all,purge_dates,10,Configured target-horizon purge before validation and test boundaries.
Phase 2C pooled full-universe,daily,target_direction_5d,30,,all,purge_dates,10,Configured target-horizon purge before validation and test boundaries.
Phase 2C pooled full-universe,daily,target_direction_5d,60,,all,purge_dates,10,Configured target-horizon purge before validation and test boundaries.
Phase 2C pooled full-universe,daily,target_direction_5d,60,,all,purge_dates,10,Configured target-horizon purge before validation and test boundaries.
Phase 2C pooled full-universe,daily,target_direction_5d,60,,all,purge_dates,10,Configured target-horizon purge before validation and test boundaries.
Phase 2C pooled full-universe,daily,target_direction_5d,120,,all,purge_dates,10,Configured target-horizon purge before validation and test boundaries.
Phase 2C pooled full-universe,daily,target_direction_5d,120,,all,purge_dates,10,Configured target-horizon purge before validation and test boundaries.
Phase 2C pooled full-universe,daily,target_direction_5d,120,,all,purge_dates,10,Configured target-horizon purge before validation and test boundaries.
Phase 2C pooled full-universe,daily,target_direction_5d,250,,all,purge_dates,10,Configured target-horizon purge before validation and test boundaries.
Phase 2C pooled full-universe,daily,target_direction_5d,250,,all,purge_dates,10,Configured target-horizon purge before validation and test boundaries.
Phase 2C pooled full-universe,daily,target_direction_5d,250,,all,purge_dates,10,Configured target-horizon purge before validation and test boundaries.
Phase 2C pooled full-universe,daily,target_log_realized_vol_5d,30,,all,purge_dates,10,Configured target-horizon purge before validation and test boundaries.
Phase 2C pooled full-universe,daily,target_log_realized_vol_5d,30,,all,purge_dates,10,Configured target-horizon purge before validation and test boundaries.
Phase 2C pooled full-universe,daily,target_log_realized_vol_5d,30,,all,purge_dates,10,Configured target-horizon purge before validation and test boundaries.
Phase 2C pooled full-universe,daily,target_log_realized_vol_5d,60,,all,purge_dates,10,Configured target-horizon purge before validation and test boundaries.
Phase 2C pooled full-universe,daily,target_log_realized_vol_5d,60,,all,purge_dates,10,Configured target-horizon purge before validation and test boundaries.
Phase 2C pooled full-universe,daily,target_log_realized_vol_5d,60,,all,purge_dates,10,Configured target-horizon purge before validation and test boundaries.
Phase 2C pooled full-universe,daily,target_log_realized_vol_5d,120,,all,purge_dates,10,Configured target-horizon purge before validation and test boundaries.
Phase 2C pooled full-universe,daily,target_log_realized_vol_5d,120,,all,purge_dates,10,Configured target-horizon purge before validation and test boundaries.
Phase 2C pooled full-universe,daily,target_log_realized_vol_5d,120,,all,purge_dates,10,Configured target-horizon purge before validation and test boundaries.
Phase 2C pooled full-universe,daily,target_log_realized_vol_5d,250,,all,purge_dates,10,Configured target-horizon purge before validation and test boundaries.
Phase 2C pooled full-universe,daily,target_log_realized_vol_5d,250,,all,purge_dates,10,Configured target-horizon purge before validation and test boundaries.
Phase 2C pooled full-universe,daily,target_log_realized_vol_5d,250,,all,purge_dates,10,Configured target-horizon purge before validation and test boundaries.
Phase 2C pooled full-universe,daily,target_stress_10d,30,,all,purge_dates,20,Configured target-horizon purge before validation and test boundaries.
Phase 2C pooled full-universe,daily,target_stress_10d,30,,all,purge_dates,20,Configured target-horizon purge before validation and test boundaries.
Phase 2C pooled full-universe,daily,target_stress_10d,30,,all,purge_dates,20,Configured target-horizon purge before validation and test boundaries.
Phase 2C pooled full-universe,daily,target_stress_10d,60,,all,purge_dates,20,Configured target-horizon purge before validation and test boundaries.
Phase 2C pooled full-universe,daily,target_stress_10d,60,,all,purge_dates,20,Configured target-horizon purge before validation and test boundaries.
Phase 2C pooled full-universe,daily,target_stress_10d,60,,all,purge_dates,20,Configured target-horizon purge before validation and test boundaries.
Phase 2C pooled full-universe,daily,target_stress_10d,120,,all,purge_dates,20,Configured target-horizon purge before validation and test boundaries.
Phase 2C pooled full-universe,daily,target_stress_10d,120,,all,purge_dates,20,Configured target-horizon purge before validation and test boundaries.
Phase 2C pooled full-universe,daily,target_stress_10d,120,,all,purge_dates,20,Configured target-horizon purge before validation and test boundaries.
Phase 2C pooled full-universe,daily,target_stress_10d,250,,all,purge_dates,20,Configured target-horizon purge before validation and test boundaries.
Phase 2C pooled full-universe,daily,target_stress_10d,250,,all,purge_dates,20,Configured target-horizon purge before validation and test boundaries.
Phase 2C pooled full-universe,daily,target_stress_10d,250,,all,purge_dates,20,Configured target-horizon purge before validation and test boundaries.
Phase 2C pooled full-universe,daily,target_direction_5d,30,,all,unassigned_purge_embargo_dates,924,Global date-level split gap across both boundaries.
Phase 2C pooled full-universe,daily,target_direction_5d,30,,all,unassigned_purge_embargo_dates,468,Global date-level split gap across both boundaries.
Phase 2C pooled full-universe,daily,target_direction_5d,30,,all,unassigned_purge_embargo_dates,12,Global date-level split gap across both boundaries.
Phase 2C pooled full-universe,daily,target_direction_5d,60,,all,unassigned_purge_embargo_dates,924,Global date-level split gap across both boundaries.
Phase 2C pooled full-universe,daily,target_direction_5d,60,,all,unassigned_purge_embargo_dates,468,Global date-level split gap across both boundaries.
Phase 2C pooled full-universe,daily,target_direction_5d,60,,all,unassigned_purge_embargo_dates,12,Global date-level split gap across both boundaries.
Phase 2C pooled full-universe,daily,target_direction_5d,120,,all,unassigned_purge_embargo_dates,924,Global date-level split gap across both boundaries.
Phase 2C pooled full-universe,daily,target_direction_5d,120,,all,unassigned_purge_embargo_dates,468,Global date-level split gap across both boundaries.
Phase 2C pooled full-universe,daily,target_direction_5d,120,,all,unassigned_purge_embargo_dates,12,Global date-level split gap across both boundaries.
Phase 2C pooled full-universe,daily,target_direction_5d,250,,all,unassigned_purge_embargo_dates,924,Global date-level split gap across both boundaries.
Phase 2C pooled full-universe,daily,target_direction_5d,250,,all,unassigned_purge_embargo_dates,468,Global date-level split gap across both boundaries.
Phase 2C pooled full-universe,daily,target_direction_5d,250,,all,unassigned_purge_embargo_dates,12,Global date-level split gap across both boundaries.
Phase 2C pooled full-universe,daily,target_log_realized_vol_5d,30,,all,unassigned_purge_embargo_dates,924,Global date-level split gap across both boundaries.
Phase 2C pooled full-universe,daily,target_log_realized_vol_5d,30,,all,unassigned_purge_embargo_dates,468,Global date-level split gap across both boundaries.
Phase 2C pooled full-universe,daily,target_log_realized_vol_5d,30,,all,unassigned_purge_embargo_dates,12,Global date-level split gap across both boundaries.
Phase 2C pooled full-universe,daily,target_log_realized_vol_5d,60,,all,unassigned_purge_embargo_dates,924,Global date-level split gap across both boundaries.
Phase 2C pooled full-universe,daily,target_log_realized_vol_5d,60,,all,unassigned_purge_embargo_dates,468,Global date-level split gap across both boundaries.
Phase 2C pooled full-universe,daily,target_log_realized_vol_5d,60,,all,unassigned_purge_embargo_dates,12,Global date-level split gap across both boundaries.
Phase 2C pooled full-universe,daily,target_log_realized_vol_5d,120,,all,unassigned_purge_embargo_dates,924,Global date-level split gap across both boundaries.
Phase 2C pooled full-universe,daily,target_log_realized_vol_5d,120,,all,unassigned_purge_embargo_dates,468,Global date-level split gap across both boundaries.
Phase 2C pooled full-universe,daily,target_log_realized_vol_5d,120,,all,unassigned_purge_embargo_dates,12,Global date-level split gap across both boundaries.
Phase 2C pooled full-universe,daily,target_log_realized_vol_5d,250,,all,unassigned_purge_embargo_dates,924,Global date-level split gap across both boundaries.
Phase 2C pooled full-universe,daily,target_log_realized_vol_5d,250,,all,unassigned_purge_embargo_dates,468,Global date-level split gap across both boundaries.
Phase 2C pooled full-universe,daily,target_log_realized_vol_5d,250,,all,unassigned_purge_embargo_dates,12,Global date-level split gap across both boundaries.
Phase 2C pooled full-universe,daily,target_stress_10d,30,,all,unassigned_purge_embargo_dates,934,Global date-level split gap across both boundaries.
Phase 2C pooled full-universe,daily,target_stress_10d,30,,all,unassigned_purge_embargo_dates,478,Global date-level split gap across both boundaries.
Phase 2C pooled full-universe,daily,target_stress_10d,30,,all,unassigned_purge_embargo_dates,22,Global date-level split gap across both boundaries.
Phase 2C pooled full-universe,daily,target_stress_10d,60,,all,unassigned_purge_embargo_dates,934,Global date-level split gap across both boundaries.
Phase 2C pooled full-universe,daily,target_stress_10d,60,,all,unassigned_purge_embargo_dates,478,Global date-level split gap across both boundaries.
Phase 2C pooled full-universe,daily,target_stress_10d,60,,all,unassigned_purge_embargo_dates,22,Global date-level split gap across both boundaries.
Phase 2C pooled full-universe,daily,target_stress_10d,120,,all,unassigned_purge_embargo_dates,934,Global date-level split gap across both boundaries.
Phase 2C pooled full-universe,daily,target_stress_10d,120,,all,unassigned_purge_embargo_dates,478,Global date-level split gap across both boundaries.
Phase 2C pooled full-universe,daily,target_stress_10d,120,,all,unassigned_purge_embargo_dates,22,Global date-level split gap across both boundaries.
Phase 2C pooled full-universe,daily,target_stress_10d,250,,all,unassigned_purge_embargo_dates,934,Global date-level split gap across both boundaries.
Phase 2C pooled full-universe,daily,target_stress_10d,250,,all,unassigned_purge_embargo_dates,478,Global date-level split gap across both boundaries.
Phase 2C pooled full-universe,daily,target_stress_10d,250,,all,unassigned_purge_embargo_dates,22,Global date-level split gap across both boundaries.
Phase 2C pooled full-universe,daily,target_direction_5d,30,,all,unobserved_or_calendar_aligned_ohlcv,51986,Daily calendar alignment retains rows without observed OHLC; crypto has no such rows.
Phase 2C pooled full-universe,daily,target_direction_5d,30,,all,unobserved_or_calendar_aligned_ohlcv,51986,Daily calendar alignment retains rows without observed OHLC; crypto has no such rows.
Phase 2C pooled full-universe,daily,target_direction_5d,30,,all,unobserved_or_calendar_aligned_ohlcv,51986,Daily calendar alignment retains rows without observed OHLC; crypto has no such rows.
Phase 2C pooled full-universe,daily,target_direction_5d,60,,all,unobserved_or_calendar_aligned_ohlcv,51986,Daily calendar alignment retains rows without observed OHLC; crypto has no such rows.
Phase 2C pooled full-universe,daily,target_direction_5d,60,,all,unobserved_or_calendar_aligned_ohlcv,51986,Daily calendar alignment retains rows without observed OHLC; crypto has no such rows.
Phase 2C pooled full-universe,daily,target_direction_5d,60,,all,unobserved_or_calendar_aligned_ohlcv,51986,Daily calendar alignment retains rows without observed OHLC; crypto has no such rows.
Phase 2C pooled full-universe,daily,target_direction_5d,120,,all,unobserved_or_calendar_aligned_ohlcv,51986,Daily calendar alignment retains rows without observed OHLC; crypto has no such rows.
Phase 2C pooled full-universe,daily,target_direction_5d,120,,all,unobserved_or_calendar_aligned_ohlcv,51986,Daily calendar alignment retains rows without observed OHLC; crypto has no such rows.
Phase 2C pooled full-universe,daily,target_direction_5d,120,,all,unobserved_or_calendar_aligned_ohlcv,51986,Daily calendar alignment retains rows without observed OHLC; crypto has no such rows.
Phase 2C pooled full-universe,daily,target_direction_5d,250,,all,unobserved_or_calendar_aligned_ohlcv,51986,Daily calendar alignment retains rows without observed OHLC; crypto has no such rows.
Phase 2C pooled full-universe,daily,target_direction_5d,250,,all,unobserved_or_calendar_aligned_ohlcv,51986,Daily calendar alignment retains rows without observed OHLC; crypto has no such rows.
Phase 2C pooled full-universe,daily,target_direction_5d,250,,all,unobserved_or_calendar_aligned_ohlcv,51986,Daily calendar alignment retains rows without observed OHLC; crypto has no such rows.
Phase 2C pooled full-universe,daily,target_log_realized_vol_5d,30,,all,unobserved_or_calendar_aligned_ohlcv,51986,Daily calendar alignment retains rows without observed OHLC; crypto has no such rows.
Phase 2C pooled full-universe,daily,target_log_realized_vol_5d,30,,all,unobserved_or_calendar_aligned_ohlcv,51986,Daily calendar alignment retains rows without observed OHLC; crypto has no such rows.
Phase 2C pooled full-universe,daily,target_log_realized_vol_5d,30,,all,unobserved_or_calendar_aligned_ohlcv,51986,Daily calendar alignment retains rows without observed OHLC; crypto has no such rows.
Phase 2C pooled full-universe,daily,target_log_realized_vol_5d,60,,all,unobserved_or_calendar_aligned_ohlcv,51986,Daily calendar alignment retains rows without observed OHLC; crypto has no such rows.
Phase 2C pooled full-universe,daily,target_log_realized_vol_5d,60,,all,unobserved_or_calendar_aligned_ohlcv,51986,Daily calendar alignment retains rows without observed OHLC; crypto has no such rows.
Phase 2C pooled full-universe,daily,target_log_realized_vol_5d,60,,all,unobserved_or_calendar_aligned_ohlcv,51986,Daily calendar alignment retains rows without observed OHLC; crypto has no such rows.
Phase 2C pooled full-universe,daily,target_log_realized_vol_5d,120,,all,unobserved_or_calendar_aligned_ohlcv,51986,Daily calendar alignment retains rows without observed OHLC; crypto has no such rows.
Phase 2C pooled full-universe,daily,target_log_realized_vol_5d,120,,all,unobserved_or_calendar_aligned_ohlcv,51986,Daily calendar alignment retains rows without observed OHLC; crypto has no such rows.
Phase 2C pooled full-universe,daily,target_log_realized_vol_5d,120,,all,unobserved_or_calendar_aligned_ohlcv,51986,Daily calendar alignment retains rows without observed OHLC; crypto has no such rows.
Phase 2C pooled full-universe,daily,target_log_realized_vol_5d,250,,all,unobserved_or_calendar_aligned_ohlcv,51986,Daily calendar alignment retains rows without observed OHLC; crypto has no such rows.
Phase 2C pooled full-universe,daily,target_log_realized_vol_5d,250,,all,unobserved_or_calendar_aligned_ohlcv,51986,Daily calendar alignment retains rows without observed OHLC; crypto has no such rows.
Phase 2C pooled full-universe,daily,target_log_realized_vol_5d,250,,all,unobserved_or_calendar_aligned_ohlcv,51986,Daily calendar alignment retains rows without observed OHLC; crypto has no such rows.
Phase 2C pooled full-universe,daily,target_stress_10d,30,,all,unobserved_or_calendar_aligned_ohlcv,51986,Daily calendar alignment retains rows without observed OHLC; crypto has no such rows.
Phase 2C pooled full-universe,daily,target_stress_10d,30,,all,unobserved_or_calendar_aligned_ohlcv,51986,Daily calendar alignment retains rows without observed OHLC; crypto has no such rows.
Phase 2C pooled full-universe,daily,target_stress_10d,30,,all,unobserved_or_calendar_aligned_ohlcv,51986,Daily calendar alignment retains rows without observed OHLC; crypto has no such rows.
Phase 2C pooled full-universe,daily,target_stress_10d,60,,all,unobserved_or_calendar_aligned_ohlcv,51986,Daily calendar alignment retains rows without observed OHLC; crypto has no such rows.
Phase 2C pooled full-universe,daily,target_stress_10d,60,,all,unobserved_or_calendar_aligned_ohlcv,51986,Daily calendar alignment retains rows without observed OHLC; crypto has no such rows.
Phase 2C pooled full-universe,daily,target_stress_10d,60,,all,unobserved_or_calendar_aligned_ohlcv,51986,Daily calendar alignment retains rows without observed OHLC; crypto has no such rows.
Phase 2C pooled full-universe,daily,target_stress_10d,120,,all,unobserved_or_calendar_aligned_ohlcv,51986,Daily calendar alignment retains rows without observed OHLC; crypto has no such rows.
Phase 2C pooled full-universe,daily,target_stress_10d,120,,all,unobserved_or_calendar_aligned_ohlcv,51986,Daily calendar alignment retains rows without observed OHLC; crypto has no such rows.
Phase 2C pooled full-universe,daily,target_stress_10d,120,,all,unobserved_or_calendar_aligned_ohlcv,51986,Daily calendar alignment retains rows without observed OHLC; crypto has no such rows.
Phase 2C pooled full-universe,daily,target_stress_10d,250,,all,unobserved_or_calendar_aligned_ohlcv,51986,Daily calendar alignment retains rows without observed OHLC; crypto has no such rows.
Phase 2C pooled full-universe,daily,target_stress_10d,250,,all,unobserved_or_calendar_aligned_ohlcv,51986,Daily calendar alignment retains rows without observed OHLC; crypto has no such rows.
Phase 2C pooled full-universe,daily,target_stress_10d,250,,all,unobserved_or_calendar_aligned_ohlcv,51986,Daily calendar alignment retains rows without observed OHLC; crypto has no such rows.
Phase 2D P2 stress interventions,crypto_hourly,target_stress_24h,168,,test,asset_segment_below_lookback,0,Rows belong to assets excluded because at least one required segment is shorter than lookback.
Phase 2D P2 stress interventions,crypto_hourly,target_stress_24h,168,,train,asset_segment_below_lookback,0,Rows belong to assets excluded because at least one required segment is shorter than lookback.
Phase 2D P2 stress interventions,crypto_hourly,target_stress_24h,168,,validation,asset_segment_below_lookback,0,Rows belong to assets excluded because at least one required segment is shorter than lookback.
Phase 2D P2 stress interventions,crypto_hourly,target_stress_24h,168,,all,embargo_dates,2,Configured post-boundary embargo before validation and test segments.
Phase 2D P2 stress interventions,crypto_hourly,target_stress_24h,168,,all,feature_imputation_cases,5098,"Audit count only; this is retained, not an exclusion."
Phase 2D P2 stress interventions,crypto_hourly,target_stress_24h,168,,all,feature_missingness_removed,0,Features are train-only median-imputed; missing feature rows are not dropped.
Phase 2D P2 stress interventions,crypto_hourly,target_stress_24h,168,,all,future_target_horizon_tail,480,At most the final target-horizon observed rows per asset cannot have a complete future label.
Phase 2D P2 stress interventions,crypto_hourly,target_stress_24h,168,,test,intentional_sampling_cap,119900,Deterministic per-asset cap; zero for full-eligible stages.
Phase 2D P2 stress interventions,crypto_hourly,target_stress_24h,168,,train,intentional_sampling_cap,948537,Deterministic per-asset cap; zero for full-eligible stages.
Phase 2D P2 stress interventions,crypto_hourly,target_stress_24h,168,,validation,intentional_sampling_cap,119420,Deterministic per-asset cap; zero for full-eligible stages.
Phase 2D P2 stress interventions,crypto_hourly,target_stress_24h,168,,test,lookback_warmup,3340,Strict windows do not cross a split boundary; each represented asset loses lookback - 1 endpoints per segment.
Phase 2D P2 stress interventions,crypto_hourly,target_stress_24h,168,,train,lookback_warmup,3340,Strict windows do not cross a split boundary; each represented asset loses lookback - 1 endpoints per segment.
Phase 2D P2 stress interventions,crypto_hourly,target_stress_24h,168,,validation,lookback_warmup,3340,Strict windows do not cross a split boundary; each represented asset loses lookback - 1 endpoints per segment.
Phase 2D P2 stress interventions,crypto_hourly,target_stress_24h,168,,all,other_observed_target_unavailable,0,"Observed rows without a valid target beyond the terminal horizon, typically because the target's required future/past inputs are unavailable."
Phase 2D P2 stress interventions,crypto_hourly,target_stress_24h,168,,all,purge_dates,48,Configured target-horizon purge before validation and test boundaries.
Phase 2D P2 stress interventions,crypto_hourly,target_stress_24h,168,,all,unassigned_purge_embargo_dates,50,Global date-level split gap across both boundaries.
Phase 2D P2 stress interventions,crypto_hourly,target_stress_24h,168,,all,unobserved_or_calendar_aligned_ohlcv,0,Daily calendar alignment retains rows without observed OHLC; crypto has no such rows.
Phase 2D P2 stress interventions,daily,target_stress_10d,60,,test,asset_segment_below_lookback,24,Rows belong to assets excluded because at least one required segment is shorter than lookback.
Phase 2D P2 stress interventions,daily,target_stress_10d,60,,train,asset_segment_below_lookback,9743,Rows belong to assets excluded because at least one required segment is shorter than lookback.
Phase 2D P2 stress interventions,daily,target_stress_10d,60,,validation,asset_segment_below_lookback,446,Rows belong to assets excluded because at least one required segment is shorter than lookback.
Phase 2D P2 stress interventions,daily,target_stress_10d,60,,all,embargo_dates,2,Configured post-boundary embargo before validation and test segments.
Phase 2D P2 stress interventions,daily,target_stress_10d,60,,all,feature_imputation_cases,238221,"Audit count only; this is retained, not an exclusion."
Phase 2D P2 stress interventions,daily,target_stress_10d,60,,all,feature_missingness_removed,0,Features are train-only median-imputed; missing feature rows are not dropped.
Phase 2D P2 stress interventions,daily,target_stress_10d,60,,all,future_target_horizon_tail,800,At most the final target-horizon observed rows per asset cannot have a complete future label.
Phase 2D P2 stress interventions,daily,target_stress_10d,60,,test,intentional_sampling_cap,1692,Deterministic per-asset cap; zero for full-eligible stages.
Phase 2D P2 stress interventions,daily,target_stress_10d,60,,train,intentional_sampling_cap,207552,Deterministic per-asset cap; zero for full-eligible stages.
Phase 2D P2 stress interventions,daily,target_stress_10d,60,,validation,intentional_sampling_cap,1572,Deterministic per-asset cap; zero for full-eligible stages.
Phase 2D P2 stress interventions,daily,target_stress_10d,60,,test,lookback_warmup,4248,Strict windows do not cross a split boundary; each represented asset loses lookback - 1 endpoints per segment.
Phase 2D P2 stress interventions,daily,target_stress_10d,60,,train,lookback_warmup,4248,Strict windows do not cross a split boundary; each represented asset loses lookback - 1 endpoints per segment.
Phase 2D P2 stress interventions,daily,target_stress_10d,60,,validation,lookback_warmup,4248,Strict windows do not cross a split boundary; each represented asset loses lookback - 1 endpoints per segment.
Phase 2D P2 stress interventions,daily,target_stress_10d,60,,all,other_observed_target_unavailable,20687,"Observed rows without a valid target beyond the terminal horizon, typically because the target's required future/past inputs are unavailable."
Phase 2D P2 stress interventions,daily,target_stress_10d,60,,all,purge_dates,20,Configured target-horizon purge before validation and test boundaries.
Phase 2D P2 stress interventions,daily,target_stress_10d,60,,all,unassigned_purge_embargo_dates,22,Global date-level split gap across both boundaries.
Phase 2D P2 stress interventions,daily,target_stress_10d,60,,all,unobserved_or_calendar_aligned_ohlcv,51986,Daily calendar alignment retains rows without observed OHLC; crypto has no such rows.
Phase 2D P3 final daily stress,daily,target_stress_10d,60,,test,asset_segment_below_lookback,24,Rows belong to assets excluded because at least one required segment is shorter than lookback.
Phase 2D P3 final daily stress,daily,target_stress_10d,60,,train,asset_segment_below_lookback,9743,Rows belong to assets excluded because at least one required segment is shorter than lookback.
Phase 2D P3 final daily stress,daily,target_stress_10d,60,,validation,asset_segment_below_lookback,446,Rows belong to assets excluded because at least one required segment is shorter than lookback.
Phase 2D P3 final daily stress,daily,target_stress_10d,60,,all,embargo_dates,2,Configured post-boundary embargo before validation and test segments.
Phase 2D P3 final daily stress,daily,target_stress_10d,60,,all,feature_imputation_cases,238221,"Audit count only; this is retained, not an exclusion."
Phase 2D P3 final daily stress,daily,target_stress_10d,60,,all,feature_missingness_removed,0,Features are train-only median-imputed; missing feature rows are not dropped.
Phase 2D P3 final daily stress,daily,target_stress_10d,60,FXA,all,final_model_asset_exclusion,1,"rows below lookback 60: validation=0, test=0"
Phase 2D P3 final daily stress,daily,target_stress_10d,60,FXB,all,final_model_asset_exclusion,1,"rows below lookback 60: validation=0, test=0"
Phase 2D P3 final daily stress,daily,target_stress_10d,60,FXC,all,final_model_asset_exclusion,1,"rows below lookback 60: validation=0, test=0"
Phase 2D P3 final daily stress,daily,target_stress_10d,60,FXE,all,final_model_asset_exclusion,1,"rows below lookback 60: validation=0, test=0"
Phase 2D P3 final daily stress,daily,target_stress_10d,60,FXY,all,final_model_asset_exclusion,1,"rows below lookback 60: validation=0, test=0"
Phase 2D P3 final daily stress,daily,target_stress_10d,60,UNI-USD,all,final_model_asset_exclusion,1,rows below lookback 60: test=24
Phase 2D P3 final daily stress,daily,target_stress_10d,60,UUP,all,final_model_asset_exclusion,1,"rows below lookback 60: validation=0, test=0"
Phase 2D P3 final daily stress,daily,target_stress_10d,60,XBI,all,final_model_asset_exclusion,1,"rows below lookback 60: validation=0, test=0"
Phase 2D P3 final daily stress,daily,target_stress_10d,60,,all,future_target_horizon_tail,800,At most the final target-horizon observed rows per asset cannot have a complete future label.
Phase 2D P3 final daily stress,daily,target_stress_10d,60,,test,intentional_sampling_cap,1692,Deterministic per-asset cap; zero for full-eligible stages.
Phase 2D P3 final daily stress,daily,target_stress_10d,60,,train,intentional_sampling_cap,207552,Deterministic per-asset cap; zero for full-eligible stages.
Phase 2D P3 final daily stress,daily,target_stress_10d,60,,validation,intentional_sampling_cap,1572,Deterministic per-asset cap; zero for full-eligible stages.
Phase 2D P3 final daily stress,daily,target_stress_10d,60,,test,lookback_warmup,4248,Strict windows do not cross a split boundary; each represented asset loses lookback - 1 endpoints per segment.
Phase 2D P3 final daily stress,daily,target_stress_10d,60,,train,lookback_warmup,4248,Strict windows do not cross a split boundary; each represented asset loses lookback - 1 endpoints per segment.
Phase 2D P3 final daily stress,daily,target_stress_10d,60,,validation,lookback_warmup,4248,Strict windows do not cross a split boundary; each represented asset loses lookback - 1 endpoints per segment.
Phase 2D P3 final daily stress,daily,target_stress_10d,60,,all,other_observed_target_unavailable,20687,"Observed rows without a valid target beyond the terminal horizon, typically because the target's required future/past inputs are unavailable."
Phase 2D P3 final daily stress,daily,target_stress_10d,60,,all,purge_dates,20,Configured target-horizon purge before validation and test boundaries.
Phase 2D P3 final daily stress,daily,target_stress_10d,60,,all,unassigned_purge_embargo_dates,22,Global date-level split gap across both boundaries.
Phase 2D P3 final daily stress,daily,target_stress_10d,60,,all,unobserved_or_calendar_aligned_ohlcv,51986,Daily calendar alignment retains rows without observed OHLC; crypto has no such rows.
Phase 2D V1 final crypto volatility,crypto_hourly,target_log_realized_vol_4h,168,,test,asset_segment_below_lookback,0,Rows belong to assets excluded because at least one required segment is shorter than lookback.
Phase 2D V1 final crypto volatility,crypto_hourly,target_log_realized_vol_4h,168,,train,asset_segment_below_lookback,0,Rows belong to assets excluded because at least one required segment is shorter than lookback.
Phase 2D V1 final crypto volatility,crypto_hourly,target_log_realized_vol_4h,168,,validation,asset_segment_below_lookback,0,Rows belong to assets excluded because at least one required segment is shorter than lookback.
Phase 2D V1 final crypto volatility,crypto_hourly,target_log_realized_vol_4h,168,,all,embargo_dates,2,Configured post-boundary embargo before validation and test segments.
Phase 2D V1 final crypto volatility,crypto_hourly,target_log_realized_vol_4h,168,,all,feature_imputation_cases,5098,"Audit count only; this is retained, not an exclusion."
Phase 2D V1 final crypto volatility,crypto_hourly,target_log_realized_vol_4h,168,,all,feature_missingness_removed,0,Features are train-only median-imputed; missing feature rows are not dropped.
Phase 2D V1 final crypto volatility,crypto_hourly,target_log_realized_vol_4h,168,,all,future_target_horizon_tail,80,At most the final target-horizon observed rows per asset cannot have a complete future label.
Phase 2D V1 final crypto volatility,crypto_hourly,target_log_realized_vol_4h,168,,test,intentional_sampling_cap,119940,Deterministic per-asset cap; zero for full-eligible stages.
Phase 2D V1 final crypto volatility,crypto_hourly,target_log_realized_vol_4h,168,,train,intentional_sampling_cap,949257,Deterministic per-asset cap; zero for full-eligible stages.
Phase 2D V1 final crypto volatility,crypto_hourly,target_log_realized_vol_4h,168,,validation,intentional_sampling_cap,119860,Deterministic per-asset cap; zero for full-eligible stages.
Phase 2D V1 final crypto volatility,crypto_hourly,target_log_realized_vol_4h,168,,test,lookback_warmup,3340,Strict windows do not cross a split boundary; each represented asset loses lookback - 1 endpoints per segment.
Phase 2D V1 final crypto volatility,crypto_hourly,target_log_realized_vol_4h,168,,train,lookback_warmup,3340,Strict windows do not cross a split boundary; each represented asset loses lookback - 1 endpoints per segment.
Phase 2D V1 final crypto volatility,crypto_hourly,target_log_realized_vol_4h,168,,validation,lookback_warmup,3340,Strict windows do not cross a split boundary; each represented asset loses lookback - 1 endpoints per segment.
Phase 2D V1 final crypto volatility,crypto_hourly,target_log_realized_vol_4h,168,,all,other_observed_target_unavailable,0,"Observed rows without a valid target beyond the terminal horizon, typically because the target's required future/past inputs are unavailable."
Phase 2D V1 final crypto volatility,crypto_hourly,target_log_realized_vol_4h,168,,all,purge_dates,8,Configured target-horizon purge before validation and test boundaries.
Phase 2D V1 final crypto volatility,crypto_hourly,target_log_realized_vol_4h,168,,all,unassigned_purge_embargo_dates,10,Global date-level split gap across both boundaries.
Phase 2D V1 final crypto volatility,crypto_hourly,target_log_realized_vol_4h,168,,all,unobserved_or_calendar_aligned_ohlcv,0,Daily calendar alignment retains rows without observed OHLC; crypto has no such rows.
Phase 2E monthly stress audit,daily,target_stress_21d,60,,test,asset_segment_below_lookback,23,Rows belong to assets excluded because at least one required segment is shorter than lookback.
Phase 2E monthly stress audit,daily,target_stress_21d,60,,train,asset_segment_below_lookback,9646,Rows belong to assets excluded because at least one required segment is shorter than lookback.
Phase 2E monthly stress audit,daily,target_stress_21d,60,,validation,asset_segment_below_lookback,434,Rows belong to assets excluded because at least one required segment is shorter than lookback.
Phase 2E monthly stress audit,daily,target_stress_21d,60,,all,embargo_dates,2,Configured post-boundary embargo before validation and test segments.
Phase 2E monthly stress audit,daily,target_stress_21d,60,,all,feature_imputation_cases,237941,"Audit count only; this is retained, not an exclusion."
Phase 2E monthly stress audit,daily,target_stress_21d,60,,all,feature_missingness_removed,0,Features are train-only median-imputed; missing feature rows are not dropped.
Phase 2E monthly stress audit,daily,target_stress_21d,60,,all,future_target_horizon_tail,1680,At most the final target-horizon observed rows per asset cannot have a complete future label.
Phase 2E monthly stress audit,daily,target_stress_21d,60,,test,intentional_sampling_cap,1680,Deterministic per-asset cap; zero for full-eligible stages.
Phase 2E monthly stress audit,daily,target_stress_21d,60,,train,intentional_sampling_cap,206472,Deterministic per-asset cap; zero for full-eligible stages.
Phase 2E monthly stress audit,daily,target_stress_21d,60,,validation,intentional_sampling_cap,1428,Deterministic per-asset cap; zero for full-eligible stages.
Phase 2E monthly stress audit,daily,target_stress_21d,60,,test,lookback_warmup,4248,Strict windows do not cross a split boundary; each represented asset loses lookback - 1 endpoints per segment.
Phase 2E monthly stress audit,daily,target_stress_21d,60,,train,lookback_warmup,4248,Strict windows do not cross a split boundary; each represented asset loses lookback - 1 endpoints per segment.
Phase 2E monthly stress audit,daily,target_stress_21d,60,,validation,lookback_warmup,4248,Strict windows do not cross a split boundary; each represented asset loses lookback - 1 endpoints per segment.
Phase 2E monthly stress audit,daily,target_stress_21d,60,,all,other_observed_target_unavailable,20687,"Observed rows without a valid target beyond the terminal horizon, typically because the target's required future/past inputs are unavailable."
Phase 2E monthly stress audit,daily,target_stress_21d,60,,all,purge_dates,42,Configured target-horizon purge before validation and test boundaries.
Phase 2E monthly stress audit,daily,target_stress_21d,60,,all,unassigned_purge_embargo_dates,44,Global date-level split gap across both boundaries.
Phase 2E monthly stress audit,daily,target_stress_21d,60,,all,unobserved_or_calendar_aligned_ohlcv,51986,Daily calendar alignment retains rows without observed OHLC; crypto has no such rows.
Phase 4 full-eligible daily stress refit,daily,target_stress_10d,60,,test,asset_segment_below_lookback,24,Rows belong to assets excluded because at least one required segment is shorter than lookback.
Phase 4 full-eligible daily stress refit,daily,target_stress_10d,60,,train,asset_segment_below_lookback,9743,Rows belong to assets excluded because at least one required segment is shorter than lookback.
Phase 4 full-eligible daily stress refit,daily,target_stress_10d,60,,validation,asset_segment_below_lookback,446,Rows belong to assets excluded because at least one required segment is shorter than lookback.
Phase 4 full-eligible daily stress refit,daily,target_stress_10d,60,,all,embargo_dates,2,Configured post-boundary embargo before validation and test segments.
Phase 4 full-eligible daily stress refit,daily,target_stress_10d,60,,all,feature_imputation_cases,238221,"Audit count only; this is retained, not an exclusion."
Phase 4 full-eligible daily stress refit,daily,target_stress_10d,60,,all,feature_missingness_removed,0,Features are train-only median-imputed; missing feature rows are not dropped.
Phase 4 full-eligible daily stress refit,daily,target_stress_10d,60,FXA,all,final_model_asset_exclusion,1,"rows below lookback 60: validation=0, test=0"
Phase 4 full-eligible daily stress refit,daily,target_stress_10d,60,FXB,all,final_model_asset_exclusion,1,"rows below lookback 60: validation=0, test=0"
Phase 4 full-eligible daily stress refit,daily,target_stress_10d,60,FXC,all,final_model_asset_exclusion,1,"rows below lookback 60: validation=0, test=0"
Phase 4 full-eligible daily stress refit,daily,target_stress_10d,60,FXE,all,final_model_asset_exclusion,1,"rows below lookback 60: validation=0, test=0"
Phase 4 full-eligible daily stress refit,daily,target_stress_10d,60,FXY,all,final_model_asset_exclusion,1,"rows below lookback 60: validation=0, test=0"
Phase 4 full-eligible daily stress refit,daily,target_stress_10d,60,UNI-USD,all,final_model_asset_exclusion,1,rows below lookback 60: test=24
Phase 4 full-eligible daily stress refit,daily,target_stress_10d,60,UUP,all,final_model_asset_exclusion,1,"rows below lookback 60: validation=0, test=0"
Phase 4 full-eligible daily stress refit,daily,target_stress_10d,60,XBI,all,final_model_asset_exclusion,1,"rows below lookback 60: validation=0, test=0"
Phase 4 full-eligible daily stress refit,daily,target_stress_10d,60,,all,future_target_horizon_tail,800,At most the final target-horizon observed rows per asset cannot have a complete future label.
Phase 4 full-eligible daily stress refit,daily,target_stress_10d,60,,test,intentional_sampling_cap,0,Deterministic per-asset cap; zero for full-eligible stages.
Phase 4 full-eligible daily stress refit,daily,target_stress_10d,60,,train,intentional_sampling_cap,0,Deterministic per-asset cap; zero for full-eligible stages.
Phase 4 full-eligible daily stress refit,daily,target_stress_10d,60,,validation,intentional_sampling_cap,0,Deterministic per-asset cap; zero for full-eligible stages.
Phase 4 full-eligible daily stress refit,daily,target_stress_10d,60,,test,lookback_warmup,4248,Strict windows do not cross a split boundary; each represented asset loses lookback - 1 endpoints per segment.
Phase 4 full-eligible daily stress refit,daily,target_stress_10d,60,,train,lookback_warmup,4248,Strict windows do not cross a split boundary; each represented asset loses lookback - 1 endpoints per segment.
Phase 4 full-eligible daily stress refit,daily,target_stress_10d,60,,validation,lookback_warmup,4248,Strict windows do not cross a split boundary; each represented asset loses lookback - 1 endpoints per segment.
Phase 4 full-eligible daily stress refit,daily,target_stress_10d,60,,all,other_observed_target_unavailable,20687,"Observed rows without a valid target beyond the terminal horizon, typically because the target's required future/past inputs are unavailable."
Phase 4 full-eligible daily stress refit,daily,target_stress_10d,60,,all,purge_dates,20,Configured target-horizon purge before validation and test boundaries.
Phase 4 full-eligible daily stress refit,daily,target_stress_10d,60,,all,unassigned_purge_embargo_dates,22,Global date-level split gap across both boundaries.
Phase 4 full-eligible daily stress refit,daily,target_stress_10d,60,,all,unobserved_or_calendar_aligned_ohlcv,51986,Daily calendar alignment retains rows without observed OHLC; crypto has no such rows.
