scenario,prior_heterogeneity,dynamic_signal,persistence,replications,global_prior_pooled_roc_auc_mean,global_prior_pooled_roc_auc_std,global_prior_pooled_roc_auc_ci_lower,global_prior_pooled_roc_auc_ci_upper,global_prior_pr_auc_mean,global_prior_pr_auc_std,global_prior_pr_auc_ci_lower,global_prior_pr_auc_ci_upper,global_prior_brier_mean,global_prior_brier_std,global_prior_brier_ci_lower,global_prior_brier_ci_upper,global_prior_log_loss_mean,global_prior_log_loss_std,global_prior_log_loss_ci_lower,global_prior_log_loss_ci_upper,family_prior_pooled_roc_auc_mean,family_prior_pooled_roc_auc_std,family_prior_pooled_roc_auc_ci_lower,family_prior_pooled_roc_auc_ci_upper,family_prior_pr_auc_mean,family_prior_pr_auc_std,family_prior_pr_auc_ci_lower,family_prior_pr_auc_ci_upper,family_prior_brier_mean,family_prior_brier_std,family_prior_brier_ci_lower,family_prior_brier_ci_upper,family_prior_log_loss_mean,family_prior_log_loss_std,family_prior_log_loss_ci_lower,family_prior_log_loss_ci_upper,asset_prior_pooled_roc_auc_mean,asset_prior_pooled_roc_auc_std,asset_prior_pooled_roc_auc_ci_lower,asset_prior_pooled_roc_auc_ci_upper,asset_prior_pr_auc_mean,asset_prior_pr_auc_std,asset_prior_pr_auc_ci_lower,asset_prior_pr_auc_ci_upper,asset_prior_brier_mean,asset_prior_brier_std,asset_prior_brier_ci_lower,asset_prior_brier_ci_upper,asset_prior_log_loss_mean,asset_prior_log_loss_std,asset_prior_log_loss_ci_lower,asset_prior_log_loss_ci_upper,pooled_classifier_pooled_roc_auc_mean,pooled_classifier_pooled_roc_auc_std,pooled_classifier_pooled_roc_auc_ci_lower,pooled_classifier_pooled_roc_auc_ci_upper,pooled_classifier_pr_auc_mean,pooled_classifier_pr_auc_std,pooled_classifier_pr_auc_ci_lower,pooled_classifier_pr_auc_ci_upper,pooled_classifier_brier_mean,pooled_classifier_brier_std,pooled_classifier_brier_ci_lower,pooled_classifier_brier_ci_upper,pooled_classifier_log_loss_mean,pooled_classifier_log_loss_std,pooled_classifier_log_loss_ci_lower,pooled_classifier_log_loss_ci_upper,pooled_classifier_pair_weighted_within_asset_roc_auc_mean,pooled_classifier_pair_weighted_within_asset_roc_auc_std,pooled_classifier_pair_weighted_within_asset_roc_auc_ci_lower,pooled_classifier_pair_weighted_within_asset_roc_auc_ci_upper,pooled_classifier_asset_macro_roc_auc_mean,pooled_classifier_asset_macro_roc_auc_std,pooled_classifier_asset_macro_roc_auc_ci_lower,pooled_classifier_asset_macro_roc_auc_ci_upper,pooled_classifier_eligible_assets_mean,pooled_classifier_eligible_assets_std,pooled_classifier_eligible_assets_ci_lower,pooled_classifier_eligible_assets_ci_upper,train_rows_mean,train_rows_std,train_rows_ci_lower,train_rows_ci_upper,validation_rows_mean,validation_rows_std,validation_rows_ci_lower,validation_rows_ci_upper,train_positives_mean,train_positives_std,train_positives_ci_lower,train_positives_ci_upper,validation_positives_mean,validation_positives_std,validation_positives_ci_lower,validation_positives_ci_upper,train_prevalence_mean,train_prevalence_std,train_prevalence_ci_lower,train_prevalence_ci_upper,validation_prevalence_mean,validation_prevalence_std,validation_prevalence_ci_lower,validation_prevalence_ci_upper,reversal_auc_drop_mean,reversal_auc_drop_std,reversal_auc_drop_ci_lower,reversal_auc_drop_ci_upper,permutation_auc_drop_mean,permutation_auc_drop_std,permutation_auc_drop_ci_lower,permutation_auc_drop_ci_upper,pooled_classifier_pooled_minus_within_auc_mean
common_shock,0.0,0.0,0.0,20,0.5,0.0,0.5,0.5,0.15612499999999993,0.005089800315480167,0.15374290012655456,0.1585070998734453,0.13176653622727966,0.003513877353969912,0.13012199100322902,0.1334110814513303,0.43325165762692874,0.00864061291629561,0.42920772630180437,0.4372955889520531,0.49836235937076384,0.00940403483331776,0.49396113559029636,0.5027635831512313,0.15548665402751302,0.006748227916200162,0.15232838614492628,0.15864492191009977,0.1318298884117523,0.0034865723317261724,0.13019812233147937,0.13346165449202524,0.43349240747491463,0.00853758561465745,0.42949669441121147,0.4374881205386178,0.49605872293390146,0.011980654335803293,0.49045160410640826,0.5016658417613947,0.1550224387868206,0.008033896158243911,0.1512624596450808,0.15878241792856038,0.13214100146035984,0.00350319773441239,0.13050145445211722,0.13378054846860246,0.4346986778377059,0.008648786075429356,0.43065092135636096,0.4387464343190508,0.5817427988046433,0.018834428796202108,0.5729280147913305,0.5905575828179561,0.2011408126304602,0.015524479549335208,0.19387513254919989,0.2084064927117205,0.1303330166253422,0.0034787389004101122,0.12870491670377687,0.1319611165469075,0.4279021431508208,0.008864958900173088,0.4237532146732193,0.4320510716284223,0.5901503336474195,0.01735778344294631,0.5820266409326035,0.5982740263622356,0.5902724649124769,0.016819097714822217,0.5824008848789557,0.598144044945998,30.0,0.0,30.0,30.0,12000.0,0.0,12000.0,12000.0,6000.0,0.0,6000.0,6000.0,1861.15,50.199889913907384,1837.6557283195975,1884.6442716804027,936.75,30.53880189288099,922.4574007593278,951.0425992406722,0.1550958333333333,0.004183324159492276,0.1531379773599664,0.1570536893067002,0.15612499999999993,0.005089800315480167,0.15374290012655456,0.1585070998734453,0.16775204888452738,0.0342649624000954,0.15171555284584587,0.1837885449232089,0.0877139686351759,0.016838049053932574,0.07983351910193015,0.09559441816842165,-0.008407534842776232
common_shock,0.0,1.5,0.7,20,0.5,0.0,0.5,0.5,0.21596666666666664,0.004518836469815618,0.2138517860985372,0.21808154723479609,0.1693312394207142,0.0025586337922888485,0.16813376194517018,0.17052871689625823,0.521773898425441,0.0058020033991623915,0.5190584772485356,0.5244893196023463,0.4974739016494262,0.007565414553674463,0.4939331786477676,0.5010146246510847,0.21553906349924482,0.006746386255926044,0.21238165754019808,0.21869646945829155,0.1693986111640706,0.0025391692084793123,0.1682102433941644,0.17058697893397679,0.5219724843259008,0.005745935332956591,0.5192833038117199,0.5246616648400817,0.49737508627509686,0.008476234613767848,0.4934080863636583,0.5013420861865354,0.215604436417212,0.0065817222314212475,0.2125240955938526,0.2186847772405714,0.1697635376187058,0.002591857279190999,0.1685505110726601,0.17097656416475152,0.5230657758746238,0.005930318133846806,0.5202903015533302,0.5258412501959173,0.795814097585624,0.008484722835172874,0.7918431250642831,0.799785070106965,0.5408536270820885,0.019886716154307777,0.5315463574254887,0.5501608967386883,0.13364976481891408,0.0021374071351865256,0.13264942748726205,0.1346501021505661,0.41914827352556205,0.005815059556405354,0.4164267418789745,0.4218698051721496,0.7971076881665119,0.00813006354728162,0.7933027013012747,0.8009126750317491,0.7966454289039555,0.008148352016638494,0.7928318827715879,0.8004589750363231,30.0,0.0,30.0,30.0,12000.0,0.0,12000.0,12000.0,6000.0,0.0,6000.0,6000.0,2594.1,46.11872550391286,2572.515772058443,2615.684227941557,1295.8,27.113018818893703,1283.1107165912233,1308.4892834087766,0.21617499999999992,0.0038432271253260757,0.2143763143382035,0.21797368566179634,0.21596666666666664,0.004518836469815618,0.2138517860985372,0.21808154723479609,0.5921546134752391,0.017178433399640623,0.5841148591644822,0.600194367785996,0.180512846096791,0.019508706608301056,0.17138249035348663,0.18964320184009537,-0.001293590580887849
common_shock,2.5,0.0,0.0,20,0.5,0.0,0.5,0.5,0.2893833333333333,0.014101667190224683,0.2827835499337691,0.29598311673289757,0.2054909719359943,0.00594738470035799,0.20270751021570535,0.20827443365628326,0.6012335126129024,0.012698420011252279,0.5952904691088653,0.6071765561169394,0.6366160034545892,0.06008583596585304,0.6084949666007858,0.6647370403083926,0.38603027908220455,0.05248476462579512,0.36146665311977383,0.4105939050446353,0.19281480338454188,0.013618091945357442,0.18644134016616354,0.19918826660292022,0.5694191428231672,0.03317525810851419,0.5538926440916833,0.5849456415546511,0.8950264728829371,0.01808666130508079,0.8865616548281217,0.9034912909377526,0.7702844838151263,0.037550649003550145,0.752710239111047,0.7878587285192056,0.11336766602311821,0.012824861741827566,0.10736544596759924,0.11936988607863717,0.356401620804395,0.03161392024884616,0.3416058506845246,0.37119739092426546,0.8998529722293824,0.017265376806950405,0.8917725271514613,0.9079334173073036,0.79397201301618,0.03585315221558117,0.7771922212637218,0.8107518047686383,0.1112139197127106,0.012610908955580931,0.10531183264344873,0.11711600678197245,0.3507246452328671,0.031206674711719076,0.3361194718913224,0.3653298185744118,0.5918599344588628,0.015109868422246028,0.5847882983581422,0.5989315705595833,0.5916477177963728,0.017972024572457734,0.5832365513839298,0.6000588842088158,28.25,1.164157703189193,27.70515742356273,28.79484257643727,12000.0,0.0,12000.0,12000.0,6000.0,0.0,6000.0,6000.0,3493.5,167.5094655612977,3415.1031569056113,3571.8968430943887,1736.3,84.61000314134817,1696.7012996026144,1775.8987003973855,0.29112499999999997,0.013959122130108132,0.28459192974213426,0.29765807025786567,0.2893833333333333,0.014101667190224683,0.2827835499337691,0.29598311673289757,0.01692844808180278,0.0052078279272420105,0.014491109585697529,0.01936578657790803,0.008692515419181444,0.0026474302042658283,0.007453479943593806,0.009931550894769083,0.3079930377705197
common_shock,2.5,1.5,0.7,20,0.5,0.0,0.5,0.5,0.30444999999999994,0.009123278496588576,0.3001801742298154,0.3087198257701845,0.21171098346585443,0.0035741836786918574,0.21003821401303568,0.21338375291867318,0.6144709526066048,0.007554113663527681,0.6109355185843403,0.6180063866288693,0.6200759711494671,0.05043695485625447,0.5964707496607888,0.6436811926381454,0.3885282483844176,0.04415474296006568,0.3678631925673383,0.40919330420149685,0.20121165475134858,0.009763452218715385,0.19664221845659727,0.2057810910460999,0.5891363105350551,0.023278798629593544,0.578241497412257,0.6000311236578532,0.8568461097908786,0.019830502545950465,0.8475651489128269,0.8661270706689304,0.7113324198326281,0.039184987120050904,0.6929932813450652,0.7296715583201909,0.1358514919185168,0.011656131166685455,0.13039625460938778,0.14130672922764584,0.41839176396752975,0.027299457604251048,0.40561522452129045,0.43116830341376905,0.9124013791884524,0.01119676601127571,0.9071611313898625,0.9176416269870423,0.8303133457895322,0.021953439150222576,0.820038819996765,0.8405878715822994,0.1070539081486244,0.008654733223979536,0.10300336831608085,0.11110444798116793,0.33794246624653956,0.022882429930939557,0.3272331593849655,0.3486517731081136,0.7933592123497839,0.0100555006507661,0.7886530931814605,0.7980653315181073,0.7998328217671605,0.016715176887045696,0.7920098781781659,0.8076557653561551,29.25,0.7163503994113789,28.914737693030812,29.585262306969188,12000.0,0.0,12000.0,12000.0,6000.0,0.0,6000.0,6000.0,3679.15,122.94255183878192,3621.6111145774225,3736.6888854225776,1826.7,54.73967097953155,1801.081045378893,1852.3189546211072,0.3065958333333333,0.010245212653231835,0.30180092621478516,0.3113907404518814,0.30444999999999994,0.009123278496588576,0.3001801742298154,0.3087198257701845,0.19484733831435846,0.02564179925046544,0.18284660685861315,0.20684806977010378,0.04551121650053773,0.009007029226402657,0.04129579706353602,0.04972663593753944,0.11904216683866853
core,0.0,0.0,0.0,20,0.5,0.0,0.5,0.5,0.14977499999999996,0.004300236291617318,0.1477624274645133,0.15178757253548664,0.1273541528891993,0.003017611347982138,0.1259418673053674,0.12876643847303118,0.42236471491599437,0.00748929877200742,0.4188596151967119,0.42586981463527684,0.4988356359771159,0.008517064507866151,0.49484952708702673,0.502821744867205,0.14928141508185092,0.005988803821475114,0.1464785686161779,0.15208426154752394,0.12741372514185254,0.0029976030755151906,0.12601080371778275,0.12881664656592232,0.42259739905902266,0.0074140129672224594,0.4191275341809785,0.42606726393706684,0.4991176230460561,0.011852159349770828,0.4935706417231788,0.5046646043689335,0.1494747855629159,0.006554677124005519,0.14640710223945025,0.15254246888638157,0.12766306011402356,0.0030337115348681876,0.12624323941078297,0.12908288081726416,0.4235764646137189,0.007602503554002379,0.4200183834255871,0.4271345458018507,0.49822517736746247,0.012431070353066788,0.4924072573550077,0.5040430973799173,0.15075956222914472,0.006835445475761455,0.1475604752721905,0.15395864918609894,0.12782429599804018,0.0030153162197460175,0.1264130845672874,0.12923550742879297,0.4242358155274054,0.007564947106523963,0.4206953112977475,0.4277763197570633,0.4977251858548355,0.011963103618905525,0.49212628101569345,0.5033240906939775,0.4976097779815059,0.012324327587559277,0.4918418151210897,0.5033777408419221,30.0,0.0,30.0,30.0,12000.0,0.0,12000.0,12000.0,6000.0,0.0,6000.0,6000.0,1795.95,47.18214983611805,1773.8680741508335,1818.0319258491666,898.65,25.80141774970393,886.5745647870799,910.72543521292,0.14966249999999995,0.003931845819676505,0.1478223395125694,0.1515026604874305,0.14977499999999996,0.004300236291617318,0.1477624274645133,0.15178757253548664,-0.0012063046409684051,0.008707131406508181,-0.005281367577805572,0.0028687582958687617,0.0004843748717648106,0.007711789616156282,-0.0031248537678758717,0.004093603511405493,0.0004999915126269738
core,0.0,0.0,0.7,20,0.5,0.0,0.5,0.5,0.14977499999999996,0.004300236291617318,0.1477624274645133,0.15178757253548664,0.1273541528891993,0.003017611347982138,0.1259418673053674,0.12876643847303118,0.42236471491599437,0.00748929877200742,0.4188596151967119,0.42586981463527684,0.4988356359771159,0.008517064507866151,0.49484952708702673,0.502821744867205,0.14928141508185092,0.005988803821475114,0.1464785686161779,0.15208426154752394,0.12741372514185254,0.0029976030755151906,0.12601080371778275,0.12881664656592232,0.42259739905902266,0.0074140129672224594,0.4191275341809785,0.42606726393706684,0.4991176230460561,0.011852159349770828,0.4935706417231788,0.5046646043689335,0.1494747855629159,0.006554677124005519,0.14640710223945025,0.15254246888638157,0.12766306011402356,0.0030337115348681876,0.12624323941078297,0.12908288081726416,0.4235764646137189,0.007602503554002379,0.4200183834255871,0.4271345458018507,0.49752422713349864,0.011969136314406941,0.49192249890595235,0.5031259553610449,0.15029845832837702,0.0072990415875460206,0.14688240171234734,0.1537145149444067,0.127842243250215,0.0030180370842729435,0.1264297584156657,0.12925472808476432,0.4243034976321213,0.00757618834151528,0.4207577323425415,0.42784926292170106,0.4966339614731744,0.01162854212152882,0.4911916362346381,0.5020762867117108,0.49649980791316606,0.012378671042928594,0.49070641153274236,0.5022932042935897,30.0,0.0,30.0,30.0,12000.0,0.0,12000.0,12000.0,6000.0,0.0,6000.0,6000.0,1795.95,47.18214983611805,1773.8680741508335,1818.0319258491666,898.65,25.80141774970393,886.5745647870799,910.72543521292,0.14966249999999995,0.003931845819676505,0.1478223395125694,0.1515026604874305,0.14977499999999996,0.004300236291617318,0.1477624274645133,0.15178757253548664,-0.002614808359669677,0.007377002331709741,-0.006067351727103175,0.0008377350077638204,0.0003114477923147192,0.008562872170065572,-0.0036960997436081685,0.004318995328237607,0.0008902656603242409
core,0.0,0.5,0.0,20,0.5,0.0,0.5,0.5,0.1557416666666666,0.004110134031194849,0.15381806472775064,0.15766526860558258,0.13150210844851412,0.0028277978809531975,0.1301786583017843,0.13282555859524395,0.4326006683686529,0.006940240394195851,0.42935253588015176,0.43584880085715405,0.49647748905331657,0.007904237493042029,0.49277819203480844,0.5001767860718247,0.15430486918926822,0.004755259348943287,0.15207933930769976,0.15653039907083668,0.13156935689173807,0.002827356090505606,0.13024611350930235,0.1328926002741738,0.43285136577853545,0.006943249321204696,0.4296018250688463,0.4361009064882246,0.49585697706625237,0.010391542128512595,0.49099358564518897,0.5007203684873158,0.1543509709391493,0.005292612513900442,0.15187395203504553,0.15682798984325305,0.13189329925826918,0.002878200581316511,0.13054625992164687,0.13324033859489148,0.4340850441007378,0.0071956248476235446,0.43071738800885684,0.4374527001926187,0.5803711254462324,0.012256435133019598,0.5746349372326279,0.5861073136598368,0.20014998429230518,0.010627764230214541,0.19517603752453047,0.2051239310600799,0.13019253901685174,0.0028964118602343254,0.12883697653933657,0.1315481014943669,0.4276783332379644,0.0074629286090680215,0.4241855751348372,0.4311710913410916,0.5882581840372072,0.010939573367691866,0.5831383061010398,0.5933780619733746,0.5892219737709652,0.011158119858274557,0.5839998129287325,0.5944441346131979,30.0,0.0,30.0,30.0,12000.0,0.0,12000.0,12000.0,6000.0,0.0,6000.0,6000.0,1868.4,49.452156570504435,1845.2556782964705,1891.5443217035297,934.45,24.660804187169052,922.9083883665043,945.9916116334958,0.15569999999999995,0.004121013047542039,0.15377130652470583,0.15762869347529407,0.1557416666666666,0.004110134031194849,0.15381806472775064,0.15766526860558258,0.16451151436392047,0.020490764262533663,0.15492154149050028,0.17410148723734067,0.08101643068726393,0.014191450287109147,0.07437462750490474,0.08765823386962311,-0.007887058590974827
core,0.0,0.5,0.7,20,0.5,0.0,0.5,0.5,0.15864999999999993,0.0046966144332383705,0.15645191678384465,0.1608480832161552,0.1334960862139633,0.0031861252121867635,0.13200493371400218,0.13498723871392443,0.4374834920139012,0.007761494402278052,0.4338510008182875,0.4411159832095149,0.4995901491074287,0.008492558609329582,0.49561550933089693,0.5035647888839605,0.15852657033504738,0.005759477773272874,0.15583105176370035,0.16122208890639442,0.1335432344056888,0.0031785322395958765,0.13205563552628777,0.13503083328508983,0.43765869887635506,0.007736733698262567,0.4340377960469337,0.4412796017057764,0.4956644392643616,0.007811114033642983,0.49200872536642787,0.49932015316229533,0.15760313381460433,0.006088596797044424,0.15475358279870535,0.16045268483050332,0.13388461878006316,0.0031800741267903514,0.13239629827524202,0.1353729392848843,0.43894125639639403,0.0077923324295124715,0.43529433255976907,0.442588180233019,0.6051678718217987,0.009934987346485255,0.600518154616044,0.6098175890275533,0.22235996912041203,0.010598733042007365,0.21739960936695377,0.2273203288738703,0.13102030670903803,0.003129698115795533,0.12955556290310044,0.1324850505149756,0.4284610533342583,0.007973312240162412,0.42472942833897803,0.4321926783295386,0.6111194103652894,0.009743332973267425,0.606559390167254,0.6156794305633247,0.6115724113813016,0.009763617340828982,0.6070028978070223,0.6161419249555808,30.0,0.0,30.0,30.0,12000.0,0.0,12000.0,12000.0,6000.0,0.0,6000.0,6000.0,1908.0,43.54429082162086,1887.6206445781427,1928.3793554218573,951.9,28.179686599430187,938.7115007030683,965.0884992969317,0.15899999999999997,0.0036286909018017482,0.15730172038151186,0.1606982796184881,0.15864999999999993,0.0046966144332383705,0.15645191678384465,0.1608480832161552,0.2137719472964629,0.019796152305502218,0.20450706282580494,0.22303683176712086,0.06919419662434799,0.020180798214607793,0.05974929232685815,0.07863910092183783,-0.005951538543490731
core,0.0,1.0,0.0,20,0.5,0.0,0.5,0.5,0.17119999999999996,0.004499057731107284,0.16909437616652684,0.1733056238334731,0.14190227346132936,0.00296375142551739,0.14051519509713964,0.14328935182551908,0.4578251063138974,0.007114877006261163,0.4544952413750613,0.46115497125273347,0.4994845400510142,0.00898271792763626,0.49528049865207396,0.5036885814499544,0.17098056216546018,0.004974664078002841,0.16865234770985518,0.17330877662106517,0.14195744901498725,0.002975146080653945,0.14056503778803744,0.14334986024193705,0.45801813755086185,0.007158505056178885,0.4546678540561403,0.4613684210455834,0.4989942753054956,0.008519039346647505,0.49500724216240644,0.5029813084485848,0.1713366826739363,0.004947485051985658,0.16902118839405983,0.1736521769538128,0.14228661914309051,0.0030405830112532357,0.14086358248990835,0.14370965579627268,0.4592084055167587,0.00743854268915147,0.45572706037546623,0.4626897506580511,0.6675626606205456,0.00797336518746248,0.663831010845166,0.6712943103959251,0.29471581246022316,0.008630959019190743,0.29067639929802197,0.29875522562242435,0.13434471939509446,0.003004224258015815,0.13293869916222686,0.13575073962796205,0.432162049295838,0.007715458715747915,0.42855110346472985,0.43577299512694617,0.671811366784637,0.007864922563184886,0.6681304697196895,0.6754922638495846,0.6722329271540873,0.007936807375895163,0.6685183869611885,0.6759474673469862,30.0,0.0,30.0,30.0,12000.0,0.0,12000.0,12000.0,6000.0,0.0,6000.0,6000.0,2047.05,39.63580916823892,2028.4998702991534,2065.6001297008465,1027.2,26.994346386643727,1014.5662569991613,1039.833743000839,0.1705875,0.0033029840973532376,0.1690416558582628,0.1721333441417372,0.17119999999999996,0.004499057731107284,0.16909437616652684,0.1733056238334731,0.3354479047445195,0.016041187457195193,0.32794039791846963,0.3429554115705694,0.16704518248881564,0.012327878335224085,0.16127555782733877,0.17281480715029252,-0.004248706164091454
core,0.0,1.0,0.7,20,0.5,0.0,0.5,0.5,0.1813083333333333,0.004937407930890797,0.17899755529130443,0.18361911137536216,0.1484617195276559,0.003129830791940948,0.14699691362737088,0.14992652542794094,0.4734593296505024,0.007386723430002753,0.4700022366690216,0.47691642263198325,0.4978138303639092,0.008491559333102104,0.4938396582630479,0.5017880024647705,0.1804682796453588,0.005469961868867103,0.17790825868816137,0.18302830060255623,0.14852969108451805,0.003131361908180078,0.1470641685997752,0.1499952135692609,0.4736855551397806,0.007397136560221318,0.4702235886633415,0.4771475216162197,0.49669319738768375,0.009071959830824379,0.49244738949239514,0.5009390052829724,0.18034459840471678,0.005481622632275188,0.17777912004225452,0.18291007676717905,0.14888623796440675,0.0031885736172499947,0.1473939395756033,0.15037853635321022,0.4748839623099966,0.007634134832197333,0.4713110772279761,0.47845684739201705,0.712469783746507,0.007855086615043383,0.7087934900469904,0.7161460774460237,0.3622350079244478,0.011717756878392537,0.356750928894434,0.3677190869544616,0.13475539070871925,0.0029353459961965244,0.13338160649467226,0.13612917492276624,0.42940239838986927,0.007567064138051541,0.4258609033589576,0.43294389342078093,0.7152643687329541,0.00795196492090825,0.7115427345906232,0.7189860028752849,0.7155414940266013,0.00798552569555115,0.7118041529582468,0.7192788350949557,30.0,0.0,30.0,30.0,12000.0,0.0,12000.0,12000.0,6000.0,0.0,6000.0,6000.0,2183.2,44.79379656298755,2162.2358578902786,2204.164142109721,1087.85,29.62444758534481,1073.9853317478266,1101.7146682521732,0.1819333333333333,0.0037328163802489685,0.18018632149085653,0.18368034517581008,0.1813083333333333,0.004937407930890797,0.17899755529130443,0.18361911137536216,0.4255349259871495,0.015685089042557394,0.4181940783492534,0.4328757736250456,0.12602179209405515,0.02217827184950747,0.1156420413589883,0.136401542829122,-0.002794584986447024
core,0.0,1.5,0.0,20,0.5,0.0,0.5,0.5,0.19254999999999997,0.0053623388891949975,0.19004034814775092,0.19505965185224902,0.15549439850111818,0.00332613611660854,0.15393771888083177,0.1570510781214046,0.48996372297979784,0.007780837988363441,0.4863221787072244,0.4936052672523713,0.5027821671751678,0.008151869175572986,0.49896697496174913,0.5065973593885864,0.19392902601711648,0.005637851917059414,0.1912904300986705,0.19656762193556246,0.15552544304022708,0.003327497125715585,0.1539681264480713,0.15708275963238286,0.4900647118325323,0.007790431076560234,0.4864186778564807,0.49371074580858393,0.4998969951883586,0.005251878587276664,0.49743904034874487,0.5023549500279724,0.1932958101901166,0.005139687947411754,0.19089036218622507,0.19570125819400813,0.1558596816910472,0.003387597287131097,0.1542742373575208,0.15744512602457358,0.49114568016180254,0.008030074419713604,0.4873874896487525,0.4949038706748526,0.7373483131682121,0.008533733866158199,0.7333544027782966,0.7413422235581277,0.41524902256815643,0.01644180633198432,0.4075540203372215,0.4229440247990914,0.13642486233398304,0.002883834792308914,0.13507518610544747,0.13777453856251862,0.4312652984099965,0.007792782430771481,0.4276181639662994,0.4349124328536936,0.7398054349214005,0.008878236584898917,0.7356502922960634,0.7439605775467376,0.7396391579517279,0.008482996134394913,0.7356689935512265,0.7436093223522292,30.0,0.0,30.0,30.0,12000.0,0.0,12000.0,12000.0,6000.0,0.0,6000.0,6000.0,2300.25,45.106744740145366,2279.139393634906,2321.360606365094,1155.3,32.174033335170016,1140.2420888865056,1170.3579111134943,0.19168749999999993,0.003758895395012138,0.18992828280290874,0.1934467171970911,0.19254999999999997,0.0053623388891949975,0.19004034814775092,0.19505965185224902,0.47430854681847423,0.016819587587850716,0.46643673751731846,0.48218035611963,0.236068334680184,0.013620893729547915,0.22969356018644083,0.2424431091739272,-0.0024571217531883516
core,0.0,1.5,0.7,20,0.5,0.0,0.5,0.5,0.21171666666666664,0.004738513350401137,0.20949897415366578,0.2139343591796675,0.16691821669138387,0.0027022780709927393,0.16565351162400666,0.1681829217587611,0.5162983878195451,0.006141167678844812,0.5134242328736053,0.5191725427654849,0.4969838451090577,0.008246749749813528,0.4931242474200051,0.5008434427981103,0.21084823838768788,0.005838396931885582,0.20811578451316756,0.2135806922622082,0.16699750503385208,0.002716010166098766,0.1657263731481349,0.16826863691956925,0.5165330924368601,0.006187337003868997,0.5136373295816743,0.5194288552920459,0.4979765039886853,0.009616163343882376,0.4934760010092612,0.5024770069681094,0.2108743668901291,0.004306642644652497,0.20885879608912933,0.21288993769112885,0.16738504513089608,0.0028166784869454163,0.16606679902075255,0.1687032912410396,0.5177035675021532,0.006522232384561815,0.5146510687841597,0.5207560662201467,0.7854053787146895,0.006695260417844499,0.7822719003844052,0.7885388570449738,0.5141639677705243,0.012276407239841238,0.5084184323232008,0.5199095032178478,0.13496615376482707,0.002676801804227289,0.13371337195731786,0.13621893557233627,0.423189731094278,0.00678285798186227,0.4200152558420661,0.42636420634648986,0.7871025231871436,0.006753870461278581,0.7839416145121713,0.7902634318621159,0.786982208742226,0.006618997175298908,0.7838844227081334,0.7900799947763186,30.0,0.0,30.0,30.0,12000.0,0.0,12000.0,12000.0,6000.0,0.0,6000.0,6000.0,2544.4,49.99305214885259,2521.002531373435,2567.797468626565,1270.3,28.43108010240683,1256.9938449219949,1283.606155078005,0.21203333333333335,0.004166087679071053,0.21008354428111958,0.21398312238554712,0.21171666666666664,0.004738513350401137,0.20949897415366578,0.2139343591796675,0.5712455717547015,0.013814453391061543,0.5647802085508682,0.5777109349585348,0.16999533519611476,0.016426572614610457,0.16230746256437414,0.17768320782785538,-0.0016971444724540596
core,0.75,0.0,0.0,20,0.5,0.0,0.5,0.5,0.17383333333333334,0.00465537480981746,0.17165455085505438,0.1760121158116123,0.14362776986320938,0.003030716762876967,0.14220935075640462,0.14504618897001414,0.4619565548426811,0.007235760363300054,0.4585701147512545,0.46534299493410775,0.5687014433289217,0.029802544711926057,0.5547534230557665,0.5826494636020769,0.20457763674196236,0.018598915471315796,0.19587307635760023,0.21328219712632449,0.14204720708157204,0.003023043161085041,0.14063237933095502,0.14346203483218906,0.4565320194257434,0.007730674614150446,0.4529139523349762,0.46015008651651057,0.6919171326325279,0.013085065142556824,0.6857931336368681,0.6980411316281876,0.31092475370427775,0.024060148518815664,0.2996642575768691,0.3221852498316864,0.13309614262848274,0.0026541367354654876,0.13185396839967656,0.13433831685728892,0.42702778697748,0.006570261011107065,0.4239528101703428,0.4301027637846172,0.6901951050096267,0.013151655198441574,0.6840399409084886,0.6963502691107647,0.31532783016139265,0.026794166071396744,0.30278777443197114,0.32786788589081417,0.13333513444290218,0.0026699996638935414,0.13208553613506366,0.1345847327507407,0.427781942637672,0.0065426284496691595,0.424719898267374,0.43084398700797,0.49667997495834565,0.010882741839588234,0.49158669499606955,0.5017732549206217,0.4967223779075649,0.012426672540918745,0.4909065161345521,0.5025382396805778,30.0,0.0,30.0,30.0,12000.0,0.0,12000.0,12000.0,6000.0,0.0,6000.0,6000.0,2069.85,43.94407330855172,2049.2835406148247,2090.416459385175,1043.0,27.932248858904817,1029.9273051303262,1056.0726948696738,0.17248749999999996,0.003662006109045978,0.1707736283845687,0.17420137161543123,0.17383333333333334,0.00465537480981746,0.17165455085505438,0.1760121158116123,-0.0006421481081178149,0.002565915192546515,-0.001843033383881326,0.0005587371676456962,0.00038773875363847573,0.0022163549411002292,-0.0006495472885364041,0.0014250247958133555,0.19351513005128101
core,0.75,0.0,0.7,20,0.5,0.0,0.5,0.5,0.17383333333333334,0.00465537480981746,0.17165455085505438,0.1760121158116123,0.14362776986320938,0.003030716762876967,0.14220935075640462,0.14504618897001414,0.4619565548426811,0.007235760363300054,0.4585701147512545,0.46534299493410775,0.5687014433289217,0.029802544711926057,0.5547534230557665,0.5826494636020769,0.20457763674196236,0.018598915471315796,0.19587307635760023,0.21328219712632449,0.14204720708157204,0.003023043161085041,0.14063237933095502,0.14346203483218906,0.4565320194257434,0.007730674614150446,0.4529139523349762,0.46015008651651057,0.6919171326325279,0.013085065142556824,0.6857931336368681,0.6980411316281876,0.31092475370427775,0.024060148518815664,0.2996642575768691,0.3221852498316864,0.13309614262848274,0.0026541367354654876,0.13185396839967656,0.13433831685728892,0.42702778697748,0.006570261011107065,0.4239528101703428,0.4301027637846172,0.6900831938825002,0.013105264989020149,0.6839497410676881,0.6962166466973122,0.3155443832672631,0.02683112026822001,0.3029870324413506,0.32810173409317556,0.13335876698049448,0.0026932668636474987,0.13209827928797405,0.13461925467301492,0.42783021866183,0.006600955735277674,0.42474087628157986,0.4309195610420802,0.49679627300526724,0.011628168693285524,0.49135412253652855,0.5022384234740059,0.49669169374164895,0.013419438191919446,0.49041120334176896,0.5029721841415289,30.0,0.0,30.0,30.0,12000.0,0.0,12000.0,12000.0,6000.0,0.0,6000.0,6000.0,2069.85,43.94407330855172,2049.2835406148247,2090.416459385175,1043.0,27.932248858904817,1029.9273051303262,1056.0726948696738,0.17248749999999996,0.003662006109045978,0.1707736283845687,0.17420137161543123,0.17383333333333334,0.00465537480981746,0.17165455085505438,0.1760121158116123,-0.0003237845090060899,0.0024452168620708167,-0.0014681812272761417,0.0008206122092639618,0.0008979106347905349,0.002514872889953599,-0.0002790861080226467,0.0020749073776037165,0.19328692087723293
core,0.75,0.5,0.0,20,0.5,0.0,0.5,0.5,0.17876666666666663,0.00436305595998281,0.17672469362137838,0.18080863971195488,0.1468243716094809,0.0027924414239821993,0.14551746879397348,0.1481312744249883,0.4695704426881927,0.006617530769627936,0.46647334295307974,0.47266754242330566,0.5667139437363065,0.029378394545353827,0.5529644318515925,0.5804634556210204,0.20942380938927868,0.017227745970242916,0.2013609760850623,0.21748664269349507,0.14525920917045027,0.0029978959389484754,0.1438561506820746,0.14666226765882592,0.46429197560975943,0.007693970653577829,0.4606910865013129,0.46789286471820596,0.6889005168820855,0.013021945612321497,0.6828060587359024,0.6949949750282687,0.31392879742444235,0.022345993570507473,0.30347055050767796,0.32438704434120674,0.13631138400039602,0.0029124003571914486,0.1349483386759679,0.13767442932482415,0.43515635564236577,0.007038899400617044,0.43186204931753647,0.43845066196719507,0.7060519271641433,0.010628103630899737,0.7010778215519584,0.7110260327763283,0.34953996524958475,0.02034337883697217,0.34001897087862365,0.35906095962054585,0.1340885323562447,0.002733473876618962,0.13280922720241453,0.1353678375100749,0.42839463663161226,0.006419123881929979,0.42539039417827484,0.43139887908494967,0.5891843244387381,0.011238110153064926,0.5839247269861698,0.5944439218913065,0.5893302114430331,0.011770271445178233,0.5838215548392167,0.5948388680468495,29.95,0.22360679774997894,29.845348797279584,30.054651202720414,12000.0,0.0,12000.0,12000.0,6000.0,0.0,6000.0,6000.0,2129.65,41.13172037555239,2110.3997623034056,2148.9002376965946,1072.6,26.178335759896864,1060.3481617282705,1084.8518382717293,0.1774708333333333,0.0034276433646293646,0.1758666468586171,0.1790750198080495,0.17876666666666663,0.00436305595998281,0.17672469362137838,0.18080863971195488,0.06916216943796447,0.012292839525816682,0.06340894344407405,0.07491539543185488,0.03353341287180929,0.00840205880859608,0.02960112830579894,0.03746569743781964,0.1168676027254052
core,0.75,0.5,0.7,20,0.5,0.0,0.5,0.5,0.18092499999999995,0.004904489827478103,0.17862962810460026,0.18322037189539964,0.1482093487869502,0.003123629847651686,0.14674744501792594,0.14967125255597444,0.4728552986003626,0.007386624356191279,0.4693982519868528,0.47631234521387233,0.5654146457952417,0.030347083680463162,0.5512117734399541,0.5796175181505293,0.21126613999537763,0.0172729811429417,0.2031821359786613,0.21935014401209396,0.14664791208085215,0.003419449511173579,0.14504756044759737,0.14824826371410693,0.4676367970187301,0.008701767150546479,0.46356424463096274,0.4717093494064975,0.6879033093573398,0.012013773185460182,0.6822806904310831,0.6935259282835965,0.3154882885901129,0.02291547056848239,0.30476351823417147,0.32621305894605435,0.137691079841258,0.0030181734791109747,0.13627853117195954,0.13910362851055647,0.4386610784833785,0.0072438789250695605,0.4352708387880843,0.44205131817867266,0.7140853147976055,0.00989321697024291,0.7094551467296938,0.7187154828655172,0.3600821084334333,0.022994960645223043,0.34932013557640984,0.37084408129045676,0.13435827207208526,0.0026325216184150293,0.13312621402945513,0.13559033011471538,0.4282026831176443,0.006293144526990665,0.42525740081733,0.43114796541795863,0.6094776430385638,0.012183290345232535,0.6037756876393983,0.6151795984377293,0.6102956279273497,0.011715721748572454,0.6048125013674106,0.6157787544872888,29.95,0.22360679774997894,29.845348797279584,30.054651202720414,12000.0,0.0,12000.0,12000.0,6000.0,0.0,6000.0,6000.0,2159.85,44.80986146163059,2138.878339286276,2180.8216607137238,1085.55,29.426938964868658,1071.7777686276017,1099.3222313723982,0.17998749999999997,0.003734155121802539,0.17823986160718966,0.18173513839281027,0.18092499999999995,0.004904489827478103,0.17862962810460026,0.18322037189539964,0.10282497585418868,0.014593419194323675,0.09599504543232022,0.10965490627605713,0.0222214889991216,0.008230067763683766,0.018369698719905427,0.02607327927833777,0.10460767175904173
core,0.75,1.0,0.0,20,0.5,0.0,0.5,0.5,0.19064999999999996,0.004212172558290879,0.18867864256039318,0.19262135743960673,0.15431813310026837,0.0025988632357932685,0.15310182766560204,0.1555344385349347,0.48721459503180664,0.006068130336486542,0.4843746226142972,0.4900545674493161,0.5634198143843552,0.0262816647789646,0.5511196166431007,0.5757200121256096,0.22065372486336213,0.014687175296992453,0.2137799152347549,0.22752753449196936,0.15280938417379536,0.003001317276873797,0.15140472444998143,0.1542140438976093,0.4823502709439035,0.007581533886049617,0.47880200386247146,0.4858985380253355,0.679605013606703,0.010224307592909545,0.6748198903575527,0.6843901368558533,0.3202130439822391,0.017954853480043182,0.31180991388842005,0.32861617407605814,0.14399009492339296,0.0028270268101693212,0.14266700564889837,0.14531318419788755,0.4547136195317452,0.006722424117183384,0.45156742819883866,0.4578598108646518,0.7394972339908518,0.005371632746875378,0.7369832324793171,0.7420112355023865,0.4138366934724118,0.015579617046285407,0.40654520824824486,0.42112817869657876,0.13516758542894483,0.0024200228613663333,0.13403497986595983,0.13630019099192983,0.4279536219353421,0.005624695115510791,0.4253211835895633,0.4305860602811209,0.6698869986872887,0.009338998317791693,0.6655162129330309,0.6742577844415466,0.6713170273465516,0.009272110391421843,0.6669775461054503,0.6756565085876529,29.95,0.22360679774997894,29.845348797279584,30.054651202720414,12000.0,0.0,12000.0,12000.0,6000.0,0.0,6000.0,6000.0,2280.45,42.84301208144131,2260.3988531314626,2300.501146868537,1143.9,25.273035349745264,1132.0718553623594,1155.7281446376408,0.1900375,0.00357025100678678,0.18836657109428856,0.19170842890571144,0.19064999999999996,0.004212172558290879,0.18867864256039318,0.19262135743960673,0.21097375869153717,0.01854551987886043,0.2022941882136835,0.21965332916939084,0.10289075086837696,0.010993140468198355,0.09774580275746231,0.1080356989792916,0.06961023530356303
core,0.75,1.0,0.7,20,0.5,0.0,0.5,0.5,0.20037499999999997,0.004725776955830376,0.19816326830314407,0.20258673169685587,0.1602439051005524,0.0028329988724903736,0.1589180208148555,0.16156978938624927,0.5009814916174014,0.006544244611844882,0.497918690859922,0.5040442923748807,0.5597840931015128,0.027267111288018342,0.547022692197265,0.5725454940057606,0.22913586175356127,0.016113001062774714,0.2215947451255232,0.23667697838159932,0.1587956641622775,0.0029882377219377695,0.1573971258586032,0.1601942024659518,0.4964723788695137,0.007294159063504031,0.49305860734507534,0.499886150393952,0.6740384649891824,0.00948972279730711,0.6695971380071112,0.6784797919712536,0.3261659769701921,0.01775171815977074,0.31785791713271333,0.3344740368076709,0.14998015828816116,0.003094828558528635,0.14853173393736996,0.15142858263895237,0.4695632585292285,0.007428618313799032,0.4660865581385757,0.47303995891988126,0.7635532592838989,0.006125242758108482,0.7606865574302849,0.766419961137513,0.4633958751813358,0.013467690724993464,0.4570928019008309,0.4696989484618407,0.1350345585709441,0.002050032110959562,0.1340751140093916,0.1359940031324966,0.42558285986635164,0.004750593131369376,0.42335951384183124,0.42780620589087204,0.7110725920523044,0.008780451306229087,0.7069632143461206,0.7151819697584882,0.7125710279810289,0.009025296346339483,0.708347059268733,0.7167949966933248,30.0,0.0,30.0,30.0,12000.0,0.0,12000.0,12000.0,6000.0,0.0,6000.0,6000.0,2401.1,42.897552377728964,2381.0233274870698,2421.17667251293,1202.25,28.354661734982187,1188.9796098188647,1215.5203901811353,0.20009166666666664,0.0035747960314774143,0.19841861062392246,0.20176472270941082,0.20037499999999997,0.004725776955830376,0.19816326830314407,0.20258673169685587,0.2980791470525248,0.019584140751024562,0.2889134870436899,0.3072448070613597,0.07184261193968598,0.01641380325131173,0.06416071555392998,0.07952450832544199,0.0524806672315945
core,0.75,1.5,0.0,20,0.5,0.0,0.5,0.5,0.20811666666666664,0.005686523516842464,0.2054552917383387,0.21077804159499458,0.16480330634339552,0.0033266487440521833,0.16324638680608036,0.16636022588071067,0.5114483173492523,0.007621340962222692,0.5078814199826939,0.5150152147158108,0.5591803842122504,0.024433022287951904,0.5477453777891099,0.5706153906353908,0.23717773743688125,0.014202877923378553,0.23053058595611667,0.24382488891764584,0.1633435244198157,0.003538803255523528,0.16168731351474497,0.16499973532488643,0.5070263252414944,0.008439448219007824,0.5030765418927637,0.510976108590225,0.6671473445905812,0.010587950848154889,0.6621920310591787,0.6721026581219838,0.3285383031696772,0.01793146658768237,0.3201461184784044,0.33693048786095,0.15480562094172584,0.0035197892329078074,0.15315830887316326,0.15645293301028843,0.48148876161789805,0.008553728449242674,0.47748549347504854,0.48549202976074757,0.7787607924299333,0.003977555620737055,0.7768992390970919,0.7806223457627748,0.5000680277076943,0.0174948408986595,0.4918801901290973,0.5082558652862914,0.13488662038491367,0.0024481965713573192,0.1337408291197706,0.13603241165005675,0.42369550302015113,0.005864025578735623,0.42095105456968795,0.4264399514706143,0.737228140125412,0.008205667897008813,0.7333877693353145,0.7410685109155096,0.7390025365042339,0.007431478473833457,0.7355244975174803,0.7424805754909874,30.0,0.0,30.0,30.0,12000.0,0.0,12000.0,12000.0,6000.0,0.0,6000.0,6000.0,2493.0,44.05737885506748,2472.380511986728,2513.619488013272,1248.7,34.11914110105476,1232.7317504300324,1264.6682495699677,0.20774999999999996,0.0036714482379222755,0.2060317093322273,0.20946829066777262,0.20811666666666664,0.005686523516842464,0.2054552917383387,0.21077804159499458,0.3544948849103108,0.0193743961887277,0.34542738837829906,0.3635623814423225,0.1759108058341509,0.01380737266135378,0.16944875651382876,0.18237285515447302,0.0415326523045213
core,0.75,1.5,0.7,20,0.5,0.0,0.5,0.5,0.224625,0.005376708214890419,0.22210862309631493,0.22714137690368505,0.17417900460483526,0.002936123028136279,0.1728048567286462,0.17555315248102432,0.5327291874441811,0.006589805827770919,0.5296450633812744,0.5358133115070878,0.5517078089950477,0.023570101842861194,0.540676661771804,0.5627389562182914,0.25086978740432386,0.014962046067012917,0.24386733429544333,0.2578722405132044,0.17292286526654743,0.003139280942628475,0.1714536365595978,0.17439209397349706,0.5291382785967238,0.007297904952384123,0.5257227539423247,0.5325538032511229,0.6529206187041916,0.010227123416027653,0.6481341776092562,0.657707059799127,0.33638434045748067,0.017441653537874195,0.3282213953299706,0.34454728558499076,0.16501708332302004,0.003014278395594299,0.1636063576089216,0.16642780903711848,0.5066225384342443,0.0074262362088198175,0.5031469529030393,0.5100981239654493,0.8116359814575747,0.00527824123205956,0.8091656885204112,0.8141062743947381,0.5772924879326095,0.012871686624429213,0.571268353157454,0.583316622707765,0.13240380742079366,0.0024296083195257637,0.1312667157252979,0.1335408991162894,0.4146918823394553,0.005624532309230456,0.41205952018936115,0.41732424448954947,0.7848238676920662,0.00592675038636847,0.782050063127991,0.7875976722561415,0.7864982054433272,0.005909990675252597,0.7837322446655015,0.7892641662211528,30.0,0.0,30.0,30.0,12000.0,0.0,12000.0,12000.0,6000.0,0.0,6000.0,6000.0,2726.8,35.42315626818141,2710.221452545627,2743.3785474543733,1347.75,32.260249289342546,1332.6517385778898,1362.8482614221102,0.22723333333333331,0.0029519296890151278,0.22585178771213557,0.22861487895453106,0.224625,0.005376708214890419,0.22210862309631493,0.22714137690368505,0.4669357481965705,0.01304042057666308,0.46083264350091746,0.4730388528922236,0.12232756591302665,0.016859306884039568,0.11443716740904161,0.1302179644170117,0.026812113765508405
core,1.5,0.0,0.0,20,0.5,0.0,0.5,0.5,0.223825,0.005972273901585197,0.22102988977497243,0.22662011022502757,0.17373495652208637,0.0032879063573754987,0.172196168979875,0.17527374406429774,0.5317287436277526,0.007396554104330429,0.5282670497490616,0.5351904375064436,0.6136710003470541,0.05016400412378589,0.590193523733414,0.6371484769606942,0.2911725546797205,0.0400887438185696,0.2724104450373524,0.30993466432208855,0.1673158933553614,0.00648659095663626,0.16428007533910247,0.17035171137162033,0.5131825488189207,0.017536675996892546,0.5049751318116565,0.5213899658261848,0.8170726570460017,0.020447773197812928,0.8075028046102182,0.8266425094817853,0.556743071278976,0.05434476663196291,0.5313089375816888,0.5821772049762632,0.1298319870382746,0.008363081031240423,0.1259179446335969,0.13374602944295227,0.40698790637826293,0.01922525071752025,0.39799021207542856,0.4159856006810973,0.8168845826050861,0.02023088604563824,0.8074162364810877,0.8263529287290845,0.5691928622076461,0.05649661301995976,0.5427516334003737,0.5956340910149185,0.12998666769625386,0.008287599705074497,0.1261079516396375,0.13386538375287022,0.4074960603553751,0.019041724340102453,0.3985842590411303,0.4164078616696199,0.5035869059175161,0.008509093979957577,0.49960452734931493,0.5075692844857173,0.5028152766385695,0.015099082745238518,0.49574868839007147,0.5098818648870675,29.65,0.48936048492959294,29.42097224312031,29.879027756879687,12000.0,0.0,12000.0,12000.0,6000.0,0.0,6000.0,6000.0,2689.75,65.71699692020724,2658.9934986946896,2720.5065013053104,1342.95,35.833643409511126,1326.1793386498346,1359.7206613501655,0.22414583333333332,0.005476416410017277,0.2215827915578908,0.22670887510877585,0.223825,0.005972273901585197,0.22102988977497243,0.22662011022502757,-4.459269842845768e-05,0.0010557738246329204,-0.0005387100582777222,0.0004495246614208068,0.0004829147277019866,0.0009566128599592282,3.520612787450664e-05,0.0009306233275294665,0.31329767668757
core,1.5,0.0,0.7,20,0.5,0.0,0.5,0.5,0.223825,0.005972273901585197,0.22102988977497243,0.22662011022502757,0.17373495652208637,0.0032879063573754987,0.172196168979875,0.17527374406429774,0.5317287436277526,0.007396554104330429,0.5282670497490616,0.5351904375064436,0.6136710003470541,0.05016400412378589,0.590193523733414,0.6371484769606942,0.2911725546797205,0.0400887438185696,0.2724104450373524,0.30993466432208855,0.1673158933553614,0.00648659095663626,0.16428007533910247,0.17035171137162033,0.5131825488189207,0.017536675996892546,0.5049751318116565,0.5213899658261848,0.8170726570460017,0.020447773197812928,0.8075028046102182,0.8266425094817853,0.556743071278976,0.05434476663196291,0.5313089375816888,0.5821772049762632,0.1298319870382746,0.008363081031240423,0.1259179446335969,0.13374602944295227,0.40698790637826293,0.01922525071752025,0.39799021207542856,0.4159856006810973,0.816879198795735,0.020185923478373672,0.8074318958009661,0.8263265017905039,0.5690136898361785,0.05616375704846043,0.5427282424188307,0.5952991372535263,0.12997618726189936,0.00827689408927767,0.12610248158770554,0.13384989293609317,0.40745450474570655,0.019028086384068138,0.3985490861913599,0.41635992330005317,0.5041594858326783,0.009112792214799664,0.4998945677934408,0.5084244038719159,0.5044997184093014,0.016151752717922314,0.49694046544838166,0.5120589713702212,29.65,0.48936048492959294,29.42097224312031,29.879027756879687,12000.0,0.0,12000.0,12000.0,6000.0,0.0,6000.0,6000.0,2689.75,65.71699692020724,2658.9934986946896,2720.5065013053104,1342.95,35.833643409511126,1326.1793386498346,1359.7206613501655,0.22414583333333332,0.005476416410017277,0.2215827915578908,0.22670887510877585,0.223825,0.005972273901585197,0.22102988977497243,0.22662011022502757,0.00019579751785340252,0.0008745986612818007,-0.00021352725546205578,0.0006051222911688608,0.0007918918125716949,0.0010642462242350227,0.00029380924765169995,0.00128997437749169,0.3127197129630567
core,1.5,0.5,0.0,20,0.5,0.0,0.5,0.5,0.22649166666666662,0.006212719220837123,0.2235840245682729,0.22939930876506034,0.1752051328717705,0.003377574103910103,0.1736243795323897,0.1767858862111513,0.5350363115001987,0.0075727410033372775,0.53149215961455,0.5385804633858474,0.6090041402169283,0.050485576185702576,0.585376163245609,0.6326321171882475,0.2905623337250176,0.03845823811618221,0.2725633242411167,0.30856134320891854,0.16918963411238155,0.006466168519810614,0.16616337409077123,0.17221589413399188,0.5177080771389827,0.017319313605232967,0.5096023888624291,0.5258137654155363,0.8138568241119121,0.01966341038464386,0.8046540647725516,0.8230595834512725,0.5547891734630757,0.04997643514286248,0.5313994818347053,0.578178865091446,0.1319674273739099,0.008306366099934605,0.12807992837414248,0.13585492637367733,0.4127835123852842,0.019150452408823973,0.40382082476849557,0.42174620000207286,0.8219998044669579,0.017652928643086357,0.8137379795464906,0.8302616293874251,0.5863972999306201,0.04787631311088656,0.5639904956684543,0.6088041041927859,0.1297380411392082,0.007784769878735041,0.12609465668529635,0.13338142559312005,0.4066486085705491,0.017987935917022798,0.3982299954196241,0.41506722172147403,0.58650861779651,0.009266401437316508,0.5821718084281756,0.5908454271648443,0.583020062304094,0.019743058761325875,0.5737800263769984,0.5922600982311895,29.65,0.48936048492959294,29.42097224312031,29.879027756879687,12000.0,0.0,12000.0,12000.0,6000.0,0.0,6000.0,6000.0,2726.25,64.1313413813279,2696.2356083305044,2756.2643916694956,1358.95,37.27631532502275,1341.5041474096379,1376.3958525903622,0.22718749999999996,0.0053442784484439895,0.22468630069420867,0.22968869930579125,0.22649166666666662,0.006212719220837123,0.2235840245682729,0.22939930876506034,0.03212601433628676,0.00840228159125367,0.028193625504783153,0.03605840316779036,0.016024571999703797,0.004402341911973013,0.013964212562914212,0.01808493143649338,0.23549118667044788
core,1.5,0.5,0.7,20,0.5,0.0,0.5,0.5,0.22814166666666663,0.005975651130441645,0.22534497584988047,0.2309383574834528,0.17609343212303954,0.0032269833739973796,0.1745831574147312,0.17760370683134788,0.5370224964770953,0.007222340492631716,0.5336423370784737,0.5404026558757169,0.6069538771894587,0.04963582005306489,0.5837235983301576,0.6301841560487598,0.2911532140347433,0.03707207365040723,0.27380294949049244,0.3085034785789942,0.17022811532068172,0.006422759110426345,0.1672221715280374,0.17323405911332604,0.5202264008546328,0.017099686478446934,0.5122235012374557,0.5282293004718098,0.8098351239305599,0.019776564402304728,0.80057940688079,0.8190908409803298,0.5479599425282647,0.05013735914303049,0.524494936149477,0.5714249489070525,0.13388110050906327,0.007973408176837924,0.13014943061403672,0.1376127704040898,0.4177747590904922,0.01840513642137604,0.40916089009316425,0.4263886280878202,0.8234366186169781,0.016916404180221712,0.8155194977558122,0.8313537394781441,0.5917880829774566,0.04499465082019255,0.5707299381817725,0.6128462277731406,0.12992480151789798,0.007256718216481539,0.12652855284925477,0.1333210501865412,0.4070321234834477,0.01682410219868268,0.3991582012793832,0.4149060456875122,0.6128856749292144,0.008872293306116594,0.6087333138439688,0.6170380360144601,0.6096580692256086,0.019363467584862577,0.6005956874376478,0.6187204510135694,29.7,0.4701623459816272,29.47995724872441,29.920042751275588,12000.0,0.0,12000.0,12000.0,6000.0,0.0,6000.0,6000.0,2752.7,63.17902716633274,2723.1313051025604,2782.268694897439,1368.85,35.85390678264989,1352.069855099283,1385.630144900717,0.2293916666666666,0.0052649189305277195,0.22692760875854667,0.23185572457478654,0.22814166666666663,0.005975651130441645,0.22534497584988047,0.2309383574834528,0.05105079479445287,0.011133714016554384,0.04584005623774603,0.05626153335115971,0.011755674295510115,0.004695876062319712,0.009557936647582047,0.013953411943438184,0.21055094368776373
core,1.5,1.0,0.0,20,0.5,0.0,0.5,0.5,0.23465833333333333,0.004818481416161606,0.23240321461350305,0.2369134520531636,0.1796019177824451,0.00253923115959881,0.1784135210185225,0.1807903145463677,0.5448665379951325,0.005647828940717047,0.5422232726858816,0.5475098033043835,0.6047587956337216,0.047026295893689146,0.5827498116749091,0.626767779592534,0.297055460962236,0.03571824204415139,0.2803388091135795,0.3137721128108925,0.17378569387084447,0.005710132611013861,0.1711132695463218,0.17645811819536714,0.5286143998915466,0.015181161133083735,0.5215093977750812,0.5357194020080119,0.8018699399331046,0.01861510239450458,0.7931578038354945,0.8105820760307147,0.5424066689472142,0.04494223055441826,0.521373057591101,0.5634402803033275,0.1385487795269094,0.007695443115025218,0.1349472012852926,0.14215035776852616,0.4304438014836015,0.01760443438318015,0.422204672575399,0.438682930391804,0.8310513366961049,0.013688920967082222,0.8246447244751667,0.8374579489170431,0.6172412289420705,0.03432987408167946,0.6011743533012627,0.6333081045828782,0.12962684170444175,0.0064844648121912775,0.1265920187544132,0.1326616646544703,0.4055955705593998,0.01526677873061207,0.39845049817384814,0.4127406429449515,0.6673308176576599,0.008741399414370238,0.6632397167994639,0.6714219185158559,0.6697920354535575,0.013442746180566572,0.663500636579206,0.676083434327909,29.7,0.5712405705774793,29.432651183438203,29.967348816561795,12000.0,0.0,12000.0,12000.0,6000.0,0.0,6000.0,6000.0,2822.6,57.78307892909754,2795.556686613883,2849.643313386117,1407.95,28.910888496969623,1394.4192876810184,1421.4807123189817,0.23521666666666668,0.0048152565774247915,0.23296305721782362,0.23747027611550975,0.23465833333333333,0.004818481416161606,0.23240321461350305,0.2369134520531636,0.10945773723636729,0.017798534504962396,0.10112776667488285,0.11778770779785172,0.0542391145149038,0.009155144934776711,0.04995437479256594,0.05852385423724166,0.16372051903844498
core,1.5,1.0,0.7,20,0.5,0.0,0.5,0.5,0.2402999999999999,0.0043064618929102,0.23828451379341953,0.24231548620658028,0.18257861866636252,0.002225267749554459,0.1815371613014294,0.18362007603129563,0.5514880236685842,0.004927070729314087,0.5491820835858153,0.553793963751353,0.5991434776202065,0.04276952076037978,0.5791267257486729,0.6191602294917401,0.2992969598024256,0.03446694028706938,0.283165935202862,0.3154279844019892,0.17722711710081543,0.004255060848788204,0.17523568732338918,0.17921854687824168,0.5367562243324175,0.01162595020831622,0.5313151121466049,0.5421973365182302,0.7941757119368614,0.01828731149947366,0.7856169867004191,0.8027344371733037,0.5367757103617058,0.045627074678714075,0.51542158208927,0.5581298386341416,0.14301948920406254,0.006413971617557078,0.14001765808467737,0.14602132032344772,0.4420671279150521,0.014418761975338562,0.4353189395878539,0.4488153162422503,0.8405030739937566,0.012215804915167714,0.8347859013074428,0.8462202466800703,0.6428173785996444,0.032696682138372915,0.627514860316753,0.6581198968825358,0.12799150194911393,0.005328113988367802,0.1254978678435103,0.13048513605471757,0.4005599562906893,0.012387262151714247,0.3947625391475868,0.4063573734337918,0.710246956600891,0.007189334366343964,0.7068822445448721,0.7136116686569098,0.713887479070483,0.009793556360539208,0.7093039536036652,0.7184710045373008,29.85,0.3663475485325232,29.678544069530158,30.021455930469845,12000.0,0.0,12000.0,12000.0,6000.0,0.0,6000.0,6000.0,2893.0,60.79646804145607,2864.5463770971505,2921.4536229028495,1441.8,25.838771357461212,1429.7070827605178,1453.8929172394821,0.24108333333333332,0.005066372336788011,0.23871219809142918,0.24345446857523745,0.2402999999999999,0.0043064618929102,0.23828451379341953,0.24231548620658028,0.17004510138647716,0.018769203212123758,0.1612608438861802,0.17882935888677412,0.03803660486718074,0.008446266113521884,0.034083630645596115,0.04198957908876536,0.13025611739286558
core,1.5,1.5,0.0,20,0.5,0.0,0.5,0.5,0.24634166666666663,0.006241128206225995,0.24342072875383916,0.2492626045794941,0.1856604811830645,0.003148022787567017,0.18418716116674494,0.18713380119938405,0.5582886136847172,0.006930627612412926,0.5550449801165762,0.5615322472528581,0.5995918095037227,0.039583584155820244,0.5810661218610635,0.6181174971463819,0.30594546098038466,0.030980798171883192,0.2914460011135554,0.32044492084721393,0.18024877001379408,0.005122817369112316,0.17785121768359133,0.18264632234399683,0.5436225214456444,0.01315638741902234,0.5374651425971001,0.5497799002941887,0.7855360008023345,0.01676772486966926,0.7776884640004438,0.7933835376042253,0.530727621278239,0.04035855242847072,0.5118392373194611,0.5496160052370169,0.14745001732630375,0.007277859095990923,0.14404387442148575,0.15085616023112175,0.4539581384713548,0.016103208958804148,0.4464216046890441,0.46149467225366547,0.8447001471494143,0.009733055120795439,0.8401449371344029,0.8492553571644258,0.657188589407014,0.026600358148906215,0.6447392385773963,0.6696379402366316,0.12826349863581146,0.005262568000878319,0.12580054099663593,0.130726456274987,0.40096778673754674,0.012353907138594912,0.39518598022111046,0.406749593253983,0.7334915402706603,0.010515120340978448,0.7285703124658433,0.7384127680754774,0.7380993650674791,0.009044884434738554,0.7338662288476181,0.7423325012873401,29.9,0.3077935056255462,29.755948205164753,30.044051794835244,12000.0,0.0,12000.0,12000.0,6000.0,0.0,6000.0,6000.0,2954.4,54.438183194093504,2928.9221460058375,2979.8778539941627,1478.05,37.44676923735597,1460.524372523035,1495.5756274769649,0.24619999999999997,0.0045365152661744615,0.24407684550048642,0.24832315449951353,0.24634166666666663,0.006241128206225995,0.24342072875383916,0.2492626045794941,0.21116844354582107,0.02428194029237286,0.19980414567316226,0.22253274141847987,0.10558238747540608,0.01378296769923148,0.09913176002894533,0.11203301492186682,0.111208606878754
core,1.5,1.5,0.7,20,0.5,0.0,0.5,0.5,0.25695833333333334,0.005032024635256133,0.25460327331057353,0.25931339335609316,0.19094973504573282,0.002422366978014067,0.18981603240238634,0.1920834376890793,0.5699010583566142,0.005282383343252868,0.5674288268517392,0.5723732898614892,0.5919615546077057,0.03764930113201646,0.5743411392862803,0.6095819699291312,0.31255557804443546,0.02983852969231618,0.298590716282043,0.32652043980682793,0.18600307151062706,0.004505794041757771,0.18389429498672338,0.18811184803453074,0.5569009337581257,0.011342147987352962,0.5515926451002978,0.5622092224159535,0.7703356303998521,0.016858359073980055,0.7624456754846295,0.7782255853150747,0.5221807969083302,0.03995921846219089,0.503479306998744,0.5408822868179164,0.15538002009026175,0.0059831547063445645,0.15257981749185334,0.15818022268867016,0.4748108315245205,0.013046177642361368,0.46870503243918193,0.4809166306098591,0.8604914865307494,0.008201633568301819,0.8566530038646069,0.8643299691968919,0.6988061130643921,0.0205583652079224,0.6891845019746424,0.7084277241541418,0.12471255893758382,0.00391490303729212,0.122880327916394,0.12654478995877363,0.39033489848239744,0.009625420154895273,0.3858300631820618,0.39483973378273307,0.7815588552313051,0.008635767244135412,0.7775171917505604,0.7856005187120497,0.7862297562496314,0.008465560971909153,0.7822677517563518,0.7901917607429111,29.95,0.22360679774997894,29.845348797279584,30.054651202720414,12000.0,0.0,12000.0,12000.0,6000.0,0.0,6000.0,6000.0,3097.1,51.655641155230036,3072.9244157664943,3121.2755842335055,1541.75,30.192147811536763,1527.619639863441,1555.880360136559,0.2580916666666666,0.00430463676293585,0.2560770346472078,0.2601062986861254,0.25695833333333334,0.005032024635256133,0.25460327331057353,0.25931339335609316,0.30778083766181125,0.02444591241476688,0.2963397984736208,0.3192218768500017,0.07510783451649236,0.01070836373472868,0.07009616601945473,0.08011950301352999,0.07893263129944428
core,2.5,0.0,0.0,20,0.5,0.0,0.5,0.5,0.28900833333333326,0.014854211110634515,0.28205634853755346,0.29596031812911305,0.20529113575939123,0.006300942207108102,0.20234220403244532,0.20824006748633714,0.6007946722899165,0.013466536645553058,0.5944921391352158,0.6070972054446171,0.6385671629021763,0.06279673942954507,0.6091773841729514,0.6679569416314012,0.3871554112180253,0.05470906319854044,0.36155078147937053,0.4127600409566801,0.1921771270148407,0.014227969506162822,0.1855182323118532,0.1988360217178282,0.5677863783288977,0.03472133489464219,0.5515362933880744,0.5840364632697209,0.8991383478695596,0.01774594320986588,0.8908329907918326,0.9074437049472865,0.7788620099320738,0.03727907948132351,0.7614148636767412,0.7963091561874064,0.11091874829830942,0.013076546715751586,0.10479873604911459,0.11703876054750424,0.34977369034274314,0.03241028589781621,0.3346052096263768,0.3649421710591095,0.8987207211511239,0.017889950800394416,0.8903479664463957,0.9070934758558521,0.7895882610678779,0.038249192021915374,0.7716870881676997,0.8074894339680562,0.11112993918653964,0.013106352898594556,0.10499597721437391,0.11726390115870537,0.3507132307539982,0.03251397149704821,0.335496223683453,0.36593023782454337,0.5017701987875498,0.01119984842714019,0.4965285083739287,0.5070118892011709,0.4986056067243666,0.0143677746324328,0.4918812812081934,0.5053299322405398,28.1,0.9679060415469872,27.647006028495134,28.55299397150487,12000.0,0.0,12000.0,12000.0,6000.0,0.0,6000.0,6000.0,3467.75,164.35868189964737,3390.827769050776,3544.672230949224,1734.05,89.12526666380717,1692.3380912253213,1775.7619087746787,0.2889791666666667,0.013696556824970622,0.28256898075423137,0.295389352579102,0.28900833333333326,0.014854211110634515,0.28205634853755346,0.29596031812911305,5.134700866371341e-05,0.000533739972062177,-0.00019845098754355084,0.00030114500487097765,0.00016856411186106003,0.0005455568963557371,-8.67643751551639e-05,0.00042389259887728396,0.3969505223635741
core,2.5,0.0,0.7,20,0.5,0.0,0.5,0.5,0.28900833333333326,0.014854211110634515,0.28205634853755346,0.29596031812911305,0.20529113575939123,0.006300942207108102,0.20234220403244532,0.20824006748633714,0.6007946722899165,0.013466536645553058,0.5944921391352158,0.6070972054446171,0.6385671629021763,0.06279673942954507,0.6091773841729514,0.6679569416314012,0.3871554112180253,0.05470906319854044,0.36155078147937053,0.4127600409566801,0.1921771270148407,0.014227969506162822,0.1855182323118532,0.1988360217178282,0.5677863783288977,0.03472133489464219,0.5515362933880744,0.5840364632697209,0.8991383478695596,0.01774594320986588,0.8908329907918326,0.9074437049472865,0.7788620099320738,0.03727907948132351,0.7614148636767412,0.7963091561874064,0.11091874829830942,0.013076546715751586,0.10479873604911459,0.11703876054750424,0.34977369034274314,0.03241028589781621,0.3346052096263768,0.3649421710591095,0.8987863965367204,0.017830594280250883,0.8904414215385344,0.9071313715349064,0.7897553412780932,0.03800148799413178,0.771970097431446,0.8075405851247405,0.11112514996173357,0.013102850946428676,0.10499282695363207,0.11725747296983507,0.35064388127922963,0.0325145638992127,0.3354265969559371,0.3658611656025222,0.5033376538656619,0.010105482330487152,0.4986081425511719,0.5080671651801518,0.5010288521343162,0.02259452934163912,0.49045428689615156,0.5116034173724809,28.1,0.9679060415469872,27.647006028495134,28.55299397150487,12000.0,0.0,12000.0,12000.0,6000.0,0.0,6000.0,6000.0,3467.75,164.35868189964737,3390.827769050776,3544.672230949224,1734.05,89.12526666380717,1692.3380912253213,1775.7619087746787,0.2889791666666667,0.013696556824970622,0.28256898075423137,0.295389352579102,0.28900833333333326,0.014854211110634515,0.28205634853755346,0.29596031812911305,9.577994967807353e-06,0.0007454603422698403,-0.0003393081846292021,0.0003584641745648168,0.00042545560100021686,0.0005877459185722478,0.00015038204379389588,0.0007005291582065378,0.39544874267105856
core,2.5,0.5,0.0,20,0.5,0.0,0.5,0.5,0.2895416666666667,0.013823434949431683,0.2830720999641241,0.2960112333692093,0.20555013736138492,0.0058092674020803975,0.20283131652646566,0.20826895819630417,0.6013585194814686,0.012396233474263524,0.5955569036301683,0.6071601353327688,0.6361751318532683,0.05954880928524273,0.6083054312226225,0.6640448324839142,0.3854147446463659,0.051329431638189475,0.36139183116634677,0.409437658126385,0.19298180834710085,0.013509939123109506,0.1866589622076295,0.1993046544865722,0.5698229648579319,0.03289249288644952,0.5544288043240089,0.585217125391855,0.8953373673656106,0.018152273995668097,0.8868418416263563,0.903832893104865,0.7719029294407747,0.03729001950818253,0.7544506630952654,0.7893551957862839,0.1132162850754519,0.013016785948511632,0.10712424172626407,0.11930832842463972,0.3559341489443686,0.03207668982171918,0.3409217959975408,0.3709465018911964,0.8996292008393896,0.017120857427654863,0.8916163929129857,0.9076420087657935,0.7940456131690101,0.03582743220991592,0.7772778587497364,0.8108133675882838,0.11133076523770465,0.012623605882086173,0.10542273582392107,0.11723879465148822,0.3512093332949167,0.031336943726467364,0.3365431921777597,0.36587547441207374,0.5845161747484844,0.009014953785685542,0.5802970465035737,0.588735302993395,0.5796239399704968,0.01639219327934125,0.5719521573629452,0.5872957225780483,28.0,1.2565617248750864,27.411911010202594,28.588088989797406,12000.0,0.0,12000.0,12000.0,6000.0,0.0,6000.0,6000.0,3480.45,168.9912719639686,3401.3596501616357,3559.540349838364,1737.25,82.94060969659016,1698.432599784744,1776.067400215256,0.2900375,0.014082605996997389,0.28344663751346966,0.29662836248653035,0.2895416666666667,0.013823434949431683,0.2830720999641241,0.2960112333692093,0.016083792353899673,0.0043960234038102845,0.014026390069957328,0.018141194637842018,0.00798536718687182,0.0026674875405761768,0.00673694458893653,0.00923378978480711,0.3151130260909052
core,2.5,0.5,0.7,20,0.5,0.0,0.5,0.5,0.2912416666666667,0.01404009244650592,0.2846707011342344,0.2978126321990989,0.20624532362119133,0.005861244488929657,0.20350217676082288,0.20898847048155977,0.6028363431546152,0.012496684292493218,0.5969877148732469,0.6086849714359835,0.6361334890640395,0.0593681040870715,0.6083483610694528,0.6639186170586263,0.38687800549583057,0.05039842277747035,0.3632908175751326,0.41046519341652854,0.19366056976065135,0.013612590033559208,0.1872896815162574,0.2000314580050453,0.5712227435795991,0.03311431244092138,0.5557247682985575,0.5867207188606407,0.8944323500387149,0.018167635153943845,0.8859296350560882,0.9029350650213416,0.771240130230488,0.03752021836656576,0.7536801275029139,0.7888001329580621,0.11399075373546855,0.012813861006949439,0.10799368218235375,0.11998782528858334,0.3580087813983324,0.03175419466324021,0.34314736083167346,0.3728702019649914,0.901165083976735,0.017360223859895302,0.8930402491116292,0.9092899188418408,0.7989138638946132,0.03604263043591153,0.7820453936053375,0.8157823341838888,0.11079053044320741,0.01267642023944804,0.10485778314931268,0.11672327773710214,0.34965652131046565,0.03165654255459848,0.3348408033374683,0.364472239283463,0.6111449242104242,0.00903529545815206,0.6069162757697486,0.6153735726510998,0.6036813132502139,0.023396852638097213,0.5927312491507005,0.6146313773497273,28.1,1.0711528467275955,27.59868503625378,28.601314963746223,12000.0,0.0,12000.0,12000.0,6000.0,0.0,6000.0,6000.0,3498.9,162.90161706412022,3422.6596963848906,3575.1403036151096,1747.45,84.24055467903555,1708.0242068054065,1786.8757931945936,0.29157500000000003,0.013575134755343343,0.2852216413654076,0.29792835863459244,0.2912416666666667,0.01404009244650592,0.2846707011342344,0.2978126321990989,0.024810460050894136,0.004692245739869546,0.02261442144617269,0.02700649865561558,0.00573806567402749,0.0021051543504462694,0.004752823110281067,0.006723308237773912,0.2900201597663108
core,2.5,1.0,0.0,20,0.5,0.0,0.5,0.5,0.2935666666666666,0.012373972873671667,0.28777546909713897,0.2993578642361942,0.20725765177211336,0.005135326074612829,0.2048542451875307,0.20966105835669602,0.6050059335184834,0.010937800927920401,0.5998868851096635,0.6101249819273034,0.6330847556328802,0.05744660027332317,0.6061989191051185,0.659970592160642,0.3872190009426514,0.050481428415606544,0.3635929651874916,0.41084503669781114,0.19499618128037902,0.012642322238492818,0.18907939234216145,0.20091297021859658,0.5745453054449341,0.030631923097126798,0.5602091241391317,0.5888814867507365,0.8877950942616936,0.01851607420854874,0.8791293047817524,0.8964608837416347,0.7594646377414465,0.03785316316817452,0.7417488120501768,0.7771804634327161,0.11827736050262776,0.012682289214835255,0.11234186644370088,0.12421285456155463,0.36978010554311325,0.031021729042379268,0.35526148943922453,0.38429872164700196,0.9034103039079779,0.015338416801294793,0.8962317038732986,0.9105889039426572,0.8048424399488783,0.030724233813334837,0.7904630558980236,0.819221823999733,0.11025106264649098,0.011336663214219406,0.10494534094150555,0.11555678435147641,0.34805717163348865,0.028472647695075144,0.33473156232327456,0.36138278094370274,0.6702485308971303,0.008661286432596973,0.6661949240685455,0.6743021377257151,0.6669282555498487,0.014312301766954805,0.6602298921338846,0.6736266189658128,28.1,1.2096106376585989,27.53388479541699,28.66611520458301,12000.0,0.0,12000.0,12000.0,6000.0,0.0,6000.0,6000.0,3530.55,163.20522276214726,3454.1676045443432,3606.932395455657,1761.4,74.24383724203008,1726.6528145828343,1796.147185417166,0.2942125,0.013600435230178938,0.2878473003786952,0.30057769962130476,0.2935666666666666,0.012373972873671667,0.28777546909713897,0.2993578642361942,0.05813026337715299,0.012124999495597139,0.05245558893537927,0.06380493781892671,0.0293020469231093,0.00709410086062208,0.025981905519742214,0.032622188326476384,0.23316177301084762
core,2.5,1.0,0.7,20,0.5,0.0,0.5,0.5,0.29603333333333337,0.010182056226806445,0.2912679843322103,0.30079868233445645,0.208325974012802,0.004174245244036952,0.20637236710266288,0.21027958092294113,0.60729305922022,0.008873852100927726,0.6031399685965462,0.6114461498438939,0.6303692279501532,0.0557539918546475,0.6042755565467592,0.6564628993535471,0.3877501248892475,0.049127014207627544,0.3647579744956817,0.41074227528281326,0.19648212162683373,0.01183273329947564,0.19094423197535443,0.20202001127831304,0.5780247901964934,0.02862272180101701,0.564628944042668,0.5914206363503189,0.8815455144487444,0.019058461372603853,0.8726258799621682,0.8904651489353206,0.7500726520735541,0.03940805190567547,0.731629116052754,0.7685161880943542,0.12201204941296828,0.01270494981236633,0.11606594986793878,0.12795814895799779,0.38037129418237575,0.03069098231067031,0.36600747231380315,0.39473511605094835,0.9053868853080799,0.014361308635419756,0.8986655859716606,0.9121081846444992,0.8118334182134317,0.029567521081482764,0.797995392385173,0.8256714440416903,0.10957917517336838,0.010841472250781211,0.10450520997320098,0.11465314037353577,0.3460188033333428,0.027608228752034353,0.3330977545416541,0.3589398521250315,0.7084321421245291,0.010954357834556715,0.7033053448448776,0.7135589394041806,0.7071322178993108,0.01840182149238114,0.6985199003365087,0.7157445354621129,28.4,1.0954451150103324,27.887315904732837,28.91268409526716,12000.0,0.0,12000.0,12000.0,6000.0,0.0,6000.0,6000.0,3566.55,148.40927584856257,3497.092320856525,3636.0076791434753,1776.2,61.09233736083868,1747.6079059932617,1804.7920940067384,0.2972125,0.012367439654046877,0.29142436007137706,0.3030006399286229,0.29603333333333337,0.010182056226806445,0.2912679843322103,0.30079868233445645,0.08997692618930773,0.01777930846015103,0.0816559536937735,0.09829789868484197,0.019410901715008096,0.0044739270641189965,0.01731703939572843,0.021504764034287763,0.19695474318355077
core,2.5,1.5,0.0,20,0.5,0.0,0.5,0.5,0.2981083333333333,0.011397300773090105,0.2927742323772263,0.30344243428944034,0.20914961726323766,0.0045941601802864575,0.20699948411346286,0.21129975041301247,0.6090374547932316,0.009744121983432582,0.6044770653270721,0.613597844259391,0.6272390807146488,0.05338052614677458,0.6022562254556831,0.6522219359736146,0.38720464552952966,0.04540984752871311,0.3659521826927599,0.4084571083662994,0.19773864020823612,0.011476876569844066,0.19236729663284585,0.20310998378362638,0.5809743997481337,0.027640022414871623,0.5680384710642042,0.5939103284320632,0.8745304671314831,0.019465523112143484,0.8654203218865,0.8836406123764662,0.73831927818395,0.03868285797531721,0.7202151433700059,0.7564234129978942,0.12599725708109535,0.012394893893731123,0.1201962681727829,0.13179824598940781,0.39150460021320904,0.029864032262161316,0.3775278028807283,0.4054813975456898,0.9069605607508026,0.012899495294038114,0.9009234111176467,0.9129977103839584,0.8156317747856022,0.024710242187916495,0.804067025455532,0.8271965241156725,0.10903973711693324,0.009876502148930807,0.10441739182619633,0.11366208240767015,0.34476579660372453,0.024973923230785733,0.3330776407468917,0.35645395246055733,0.7371761422133535,0.009041970578471194,0.7329443697202039,0.741407914706503,0.7411396353283608,0.01012379941034369,0.7364015513566144,0.7458777193001072,28.65,0.9333020044867296,28.21320121635962,29.086798783640376,12000.0,0.0,12000.0,12000.0,6000.0,0.0,6000.0,6000.0,3601.9,152.92960196735862,3530.326743111212,3673.473256888788,1788.65,68.38380463854074,1756.6453942633577,1820.6546057366425,0.30015833333333325,0.012744133497279882,0.2941938952592676,0.3061227714073989,0.2981083333333333,0.011397300773090105,0.2927742323772263,0.30344243428944034,0.11749064193071615,0.020971903222145965,0.10767548909270751,0.1273057947687248,0.05991407225627378,0.011803334716309047,0.05438994156524477,0.06543820294730279,0.16978441853744908
core,2.5,1.5,0.7,20,0.5,0.0,0.5,0.5,0.30319166666666664,0.00869332522736679,0.29912306522056525,0.307260268112768,0.21122164818102346,0.003432385251140474,0.20961524243510646,0.21282805392694046,0.6134375544749792,0.0072607947873560875,0.6100393979124379,0.6168357110375204,0.6226270838772885,0.05248986993636359,0.5980610685559625,0.6471930991986145,0.38894190444234467,0.04512132898824626,0.36782447243903266,0.4100593364456567,0.20038013663791596,0.010519792656424687,0.19545672212215873,0.20530355115367319,0.5871336027187889,0.025120723492988415,0.575376742224379,0.5988904632131988,0.8614801101686995,0.01904666778949324,0.8525659952489224,0.8703942250884766,0.7184945611073024,0.03801739806649565,0.7007018711175816,0.7362872510970231,0.1336099372540283,0.011714022340202872,0.12812760604168857,0.13909226846636805,0.4120868102459232,0.027530659753451585,0.39920206486306276,0.42497155562878364,0.9112790270121296,0.011280016911229429,0.9059998165930139,0.9165582374312453,0.828094783027869,0.02242592911077289,0.8175991251266754,0.8385904409290625,0.10744360859535498,0.008695186436831889,0.10337413607641058,0.11151308111429939,0.3393891603641717,0.022958073792872832,0.32864445108545565,0.3501338696428878,0.7825023526123956,0.00987210600866792,0.7778820647786344,0.7871226404461569,0.7858878609938393,0.016456744489532653,0.7781858674899664,0.7935898544977122,29.1,0.7880689256524122,28.731172389542802,29.4688276104572,12000.0,0.0,12000.0,12000.0,6000.0,0.0,6000.0,6000.0,3652.7,132.81530507873669,3590.540523830094,3714.8594761699055,1819.15,52.159951364200765,1794.7383913233919,1843.5616086766083,0.30439166666666667,0.011067942089894723,0.29921171031917454,0.3095716230141588,0.30319166666666664,0.00869332522736679,0.29912306522056525,0.307260268112768,0.1780006506113276,0.025160429959484552,0.16622520691856948,0.18977609430408574,0.04175886742268527,0.0086187753159584,0.03772515640912034,0.045792578436250196,0.12877667439973395
cross_sectional_dependence,0.0,0.0,0.0,20,0.5,0.0,0.5,0.5,0.14977499999999996,0.004300236291617318,0.1477624274645133,0.15178757253548664,0.1273541528891993,0.003017611347982138,0.1259418673053674,0.12876643847303118,0.42236471491599437,0.00748929877200742,0.4188596151967119,0.42586981463527684,0.4988356359771159,0.008517064507866151,0.49484952708702673,0.502821744867205,0.14928141508185092,0.005988803821475114,0.1464785686161779,0.15208426154752394,0.12741372514185254,0.0029976030755151906,0.12601080371778275,0.12881664656592232,0.42259739905902266,0.0074140129672224594,0.4191275341809785,0.42606726393706684,0.4991176230460561,0.011852159349770828,0.4935706417231788,0.5046646043689335,0.1494747855629159,0.006554677124005519,0.14640710223945025,0.15254246888638157,0.12766306011402356,0.0030337115348681876,0.12624323941078297,0.12908288081726416,0.4235764646137189,0.007602503554002379,0.4200183834255871,0.4271345458018507,0.4979078407882421,0.01213421078261478,0.49222885533144245,0.5035868262450417,0.150292213996959,0.006803291459143302,0.14710817558300635,0.15347625241091165,0.1278339009784079,0.0030087669053288774,0.12642575472115453,0.1292420472356613,0.42425071585387036,0.007525091125945715,0.4207288647973051,0.42777256691043564,0.4971473017452359,0.013438375433424642,0.49085794844351366,0.5034366550469582,0.4971360285355564,0.013816059048448391,0.4906699138609342,0.5036021432101785,30.0,0.0,30.0,30.0,12000.0,0.0,12000.0,12000.0,6000.0,0.0,6000.0,6000.0,1795.95,47.18214983611805,1773.8680741508335,1818.0319258491666,898.65,25.80141774970393,886.5745647870799,910.72543521292,0.14966249999999995,0.003931845819676505,0.1478223395125694,0.1515026604874305,0.14977499999999996,0.004300236291617318,0.1477624274645133,0.15178757253548664,-0.00263622742976556,0.008521549209628327,-0.006624435224887898,0.0013519803653567774,0.00017845621997120001,0.008178121687042664,-0.0036490225470199437,0.0040059349869623435,0.0007605390430061587
cross_sectional_dependence,0.0,1.5,0.7,20,0.5,0.0,0.5,0.5,0.21013333333333328,0.005806479542576768,0.2074158172568248,0.21285084940984175,0.16598505565686278,0.0033638116215839674,0.16441074335747874,0.16755936795624682,0.5141565702016689,0.00768155220795699,0.5105614931046784,0.5177516472986595,0.49608742220527546,0.009723801712791956,0.4915365429185181,0.5006383014920328,0.20851762227123669,0.006068222900430979,0.20567760653246772,0.21135763801000565,0.1660932655978931,0.0033933449422329856,0.1645051312789759,0.16768139991681033,0.5144790242275402,0.007773279340747099,0.5108410175109442,0.5181170309441362,0.49796618267639187,0.007586354996606755,0.49441565924576414,0.5015167061070196,0.20889892117592077,0.006671056184753866,0.20577677077541925,0.21202107157642228,0.16642168572560082,0.00342030642215913,0.16482093304565978,0.16802243840554185,0.5154519309018448,0.007876957068926398,0.5117654015148361,0.5191384602888536,0.7825271548174436,0.007953733637458618,0.7788046928902863,0.7862496167446009,0.5093150390531944,0.017482641977428878,0.5011329107454761,0.5174971673609128,0.13476990069660943,0.002556407970707531,0.1335734649376316,0.13596633645558728,0.42337091885646166,0.0067560697872717825,0.4202089808652401,0.4265328568476832,0.7843286532590594,0.008257565464897226,0.7804639936595319,0.788193312858587,0.7843340061190514,0.008533287106813777,0.7803403048189451,0.7883277074191576,30.0,0.0,30.0,30.0,12000.0,0.0,12000.0,12000.0,6000.0,0.0,6000.0,6000.0,2543.0,54.36136398892914,2517.558098500544,2568.441901499456,1260.8,34.83887725546064,1244.494903540949,1277.1050964590509,0.2119166666666666,0.004530113665744092,0.20979650820837858,0.2140368251249546,0.21013333333333328,0.005806479542576768,0.2074158172568248,0.21285084940984175,0.5659169499899612,0.015992524739533456,0.5584322180168326,0.5734016819630898,0.171071115274239,0.024537787711304472,0.15958707712367481,0.18255515342480316,-0.001801498441615812
cross_sectional_dependence,2.5,0.0,0.0,20,0.5,0.0,0.5,0.5,0.28900833333333326,0.014854211110634515,0.28205634853755346,0.29596031812911305,0.20529113575939123,0.006300942207108102,0.20234220403244532,0.20824006748633714,0.6007946722899165,0.013466536645553058,0.5944921391352158,0.6070972054446171,0.6385671629021763,0.06279673942954507,0.6091773841729514,0.6679569416314012,0.3871554112180253,0.05470906319854044,0.36155078147937053,0.4127600409566801,0.1921771270148407,0.014227969506162822,0.1855182323118532,0.1988360217178282,0.5677863783288977,0.03472133489464219,0.5515362933880744,0.5840364632697209,0.8991383478695596,0.01774594320986588,0.8908329907918326,0.9074437049472865,0.7788620099320738,0.03727907948132351,0.7614148636767412,0.7963091561874064,0.11091874829830942,0.013076546715751586,0.10479873604911459,0.11703876054750424,0.34977369034274314,0.03241028589781621,0.3346052096263768,0.3649421710591095,0.8986081887417366,0.017805671871116837,0.8902748777900681,0.9069414996934052,0.7893435925399612,0.03843162989966447,0.7713570360847197,0.8073301489952027,0.11118641749881839,0.013051970923564945,0.10507790707441608,0.11729492792322069,0.35087290801071386,0.032417403941004334,0.33570109594758996,0.36604472007383776,0.4982724237305748,0.009941297644374356,0.4936197532144992,0.5029250942466504,0.49666254170376334,0.016896242755264006,0.48875485667993157,0.5045702267275951,28.1,0.9679060415469872,27.647006028495134,28.55299397150487,12000.0,0.0,12000.0,12000.0,6000.0,0.0,6000.0,6000.0,3467.75,164.35868189964737,3390.827769050776,3544.672230949224,1734.05,89.12526666380717,1692.3380912253213,1775.7619087746787,0.2889791666666667,0.013696556824970622,0.28256898075423137,0.295389352579102,0.28900833333333326,0.014854211110634515,0.28205634853755346,0.29596031812911305,-8.252981243670188e-05,0.0005676781562058313,-0.0003482113677509284,0.00018315174287752468,0.0001121481734144406,0.0004481712492293916,-9.760242776812697e-05,0.00032189877459700816,0.40033576501116186
cross_sectional_dependence,2.5,1.5,0.7,20,0.5,0.0,0.5,0.5,0.30296666666666666,0.009710969260408974,0.2984217931524943,0.30751154018083904,0.2111277543982259,0.003808563812523062,0.20934529166619553,0.21291021713025626,0.6132385232909155,0.008050744734886078,0.6094706587725796,0.6170063878092515,0.6229709801656734,0.05379596341426311,0.5977936942805594,0.6481482660507875,0.389261154201806,0.04604726836361129,0.36771036923135175,0.4108119391722603,0.20013447968583858,0.010791035978709234,0.19508411938760697,0.2051848399840702,0.5864910229661134,0.026002453106248564,0.5743215003101307,0.5986605456220961,0.8644087359955437,0.017909516646614918,0.8560268241929105,0.8727906477981768,0.724190289677456,0.03709573175708361,0.7068289527984519,0.7415516265564601,0.13197054920257745,0.010876761976385032,0.12688006790242887,0.13706103050272603,0.40768869242154127,0.025210747608183974,0.39588969934429463,0.4194876854987879,0.9120661035624191,0.011373770394547737,0.9067430151624584,0.9173891919623799,0.8293179786410411,0.022260414504959893,0.8188997839598409,0.8397361733222413,0.10693115161418221,0.008720395963854441,0.1028498806734122,0.11101242255495221,0.33772660999446263,0.02300140718260081,0.32696162006507484,0.3484915999238504,0.7790836667268961,0.010091477164451986,0.7743607100318749,0.7838066234219173,0.7859386991362476,0.016728544309022562,0.7781094994011911,0.7937678988713041,28.95,0.7591546545162482,28.594704684985658,29.30529531501434,12000.0,0.0,12000.0,12000.0,6000.0,0.0,6000.0,6000.0,3659.6,121.59570629538563,3602.691457694954,3716.508542305046,1817.8,58.265815562453895,1790.5307589149656,1845.0692410850343,0.3049666666666667,0.010132975524615475,0.30022428814124624,0.3097090451920872,0.30296666666666666,0.009710969260408974,0.2984217931524943,0.30751154018083904,0.17368445937741073,0.02175108442730789,0.16350463851017466,0.1838642802446468,0.03925757397682066,0.008202216142656907,0.03541881865748721,0.04309632929615412,0.13298243683552302
family_prior,0.0,0.0,0.0,20,0.5,0.0,0.5,0.5,0.1733583333333333,0.005080715460507814,0.17098048530289522,0.1757361813637714,0.14332221041535564,0.0033234768280888047,0.1417667753804073,0.144877645450304,0.4612308717893268,0.007952084531052062,0.4575091816677255,0.46495256191092815,0.6748389372264558,0.0270161425191283,0.66219499332161,0.6874828811313016,0.2667298807296045,0.029029396223711944,0.2531437050872353,0.2803160563719737,0.13447227581534765,0.0038788969755934577,0.13265689614975126,0.13628765548094404,0.4299602774703124,0.010388371778635759,0.4250983698186647,0.4348221851219601,0.6726572888918652,0.028391564971371897,0.6593696274644559,0.6859449503192744,0.27226729011770706,0.033422705244333745,0.25662498256183225,0.2879095976735819,0.1347904754832801,0.00393586141527403,0.13294843563925957,0.13663251532730064,0.43110164410318735,0.010586694293623492,0.426146918657408,0.4360563695489667,0.6706687992873751,0.02911307457237885,0.6570434609723244,0.6842941376024259,0.2742994621164566,0.03530522578090924,0.2577761078290831,0.2908228164038301,0.1350227003157582,0.003914754730918575,0.13319053870408776,0.13685486192742863,0.43187294443596125,0.010637043584003457,0.42689465479693106,0.43685123407499143,0.4948165390389353,0.008992970615313397,0.49060769923445763,0.49902537884341297,0.49533656351851196,0.010145573459815356,0.4905882889779268,0.5000848380590971,30.0,0.0,30.0,30.0,12000.0,0.0,12000.0,12000.0,6000.0,0.0,6000.0,6000.0,2071.15,35.7318595860009,2054.426974945578,2087.873025054422,1040.15,30.48429276304697,1025.8829118173717,1054.4170881826285,0.1725958333333333,0.0029776549655000607,0.17120224791213148,0.17398941875453514,0.1733583333333333,0.005080715460507814,0.17098048530289522,0.1757361813637714,-0.0010617778726374285,0.002626040375067043,-0.002290802600009174,0.00016724685473431676,-0.00191687287641515,0.0025841322899930923,-0.0031262840162268146,-0.0007074617366034852,0.1758522602484398
family_prior,0.0,1.5,0.7,20,0.5,0.0,0.5,0.5,0.22510000000000002,0.005155874410385947,0.2226869764982476,0.22751302350175245,0.17445307747246994,0.002857068606301553,0.17311592820459074,0.17579022674034914,0.533353835265326,0.006438873993472152,0.5303403494752584,0.5363673210553935,0.6457247727551376,0.01718814543330225,0.6376804730727115,0.6537690724375638,0.3098021332561078,0.018006108020023347,0.3013750152991836,0.31822925121303197,0.16557669003511039,0.0035166600583649292,0.16393084246531409,0.16722253760490668,0.5071186443242899,0.00815291260839171,0.50330296376928,0.5109343248792998,0.6443065828777874,0.01758033266746094,0.636078733919761,0.6525344318358138,0.31592331092727793,0.02190116922216307,0.30567324821386505,0.3261733736406908,0.16591305124460615,0.0035250744322514634,0.16426326562660995,0.16756283686260234,0.5081821128496797,0.008282124458868214,0.5043059592871666,0.5120582664121929,0.8117118983729134,0.005487695537104039,0.8091435778035023,0.8142802189423244,0.5760118719801988,0.016559605973297392,0.5682617378200582,0.5837620061403394,0.13274647095474654,0.002658791368572506,0.13150211829058966,0.1339908236189034,0.41534397437876985,0.006855091493496183,0.412135692802487,0.4185522559550527,0.7855764847479899,0.006826289303103574,0.7823816830117473,0.7887712864842326,0.7866066876807751,0.007542333992633255,0.7830767667141921,0.7901366086473581,30.0,0.0,30.0,30.0,12000.0,0.0,12000.0,12000.0,6000.0,0.0,6000.0,6000.0,2702.6,38.19534278582031,2684.724029318089,2720.475970681911,1350.6,30.93524646231561,1336.1218589894854,1365.0781410105144,0.22521666666666662,0.0031829452321517054,0.22372700244317403,0.2267063308901592,0.22510000000000002,0.005155874410385947,0.2226869764982476,0.22751302350175245,0.4674845155379437,0.01798270378031052,0.4590683511023764,0.47590067997351093,0.1260174897244887,0.015554118755709829,0.11873793806765023,0.13329704138132717,0.026135413624923443
family_prior,2.5,0.0,0.0,20,0.5,0.0,0.5,0.5,0.2956916666666666,0.016177404193279853,0.2881204084457336,0.30326292488759954,0.2080342024993742,0.006465993489181244,0.20500802439462,0.21106038060412843,0.6066355175209157,0.01370775367105816,0.600220091323205,0.6130509437186265,0.6738255271331511,0.050830963996377626,0.6500359036906341,0.6976151505756681,0.42789439221913705,0.059687847787630144,0.3999596195663268,0.4558291648719473,0.18818730708381368,0.015649042647729882,0.18086332967799637,0.19551128448963098,0.5572030949402789,0.03802438747081184,0.5394071338086458,0.5749990560719119,0.9042039729121901,0.017451311780657498,0.8960365075879168,0.9123714382364635,0.7902072473525907,0.044794298902273,0.769242870140847,0.8111716245643344,0.10817262794650291,0.014477098285699349,0.10139713738563849,0.11494811850736733,0.34260764913055625,0.03623911690783377,0.32564722034175436,0.35956807791935813,0.9038483142491209,0.017420183253773758,0.8956954175238798,0.912001210974362,0.8006432174487893,0.04400515815779537,0.780048169474154,0.8212382654234246,0.10839885774361253,0.014454906092985264,0.10163375344864836,0.1151639620385767,0.3435971049531276,0.0362226095363158,0.32664440185200827,0.36054980805424697,0.49843664933506326,0.013373878167638341,0.4921774816829037,0.5046958169872229,0.4917394947247146,0.016005633344390556,0.4842486277356648,0.49923036171376445,28.0,1.025978352085154,27.51982735054918,28.48017264945082,12000.0,0.0,12000.0,12000.0,6000.0,0.0,6000.0,6000.0,3548.7,191.53345179862117,3459.05958524691,3638.3404147530896,1774.15,97.06442515967912,1728.7224506744021,1819.577549325598,0.29572499999999996,0.01596112098321843,0.28825496543724244,0.3031950345627575,0.2956916666666666,0.016177404193279853,0.2881204084457336,0.30326292488759954,-0.00011942588055168421,0.0005091971693271306,-0.00035773749150502457,0.00011888573040165615,-9.17992153836046e-05,0.00045663741739447394,-0.0003055121052346044,0.00012191367446739522,0.40541166491405767
family_prior,2.5,1.5,0.7,20,0.5,0.0,0.5,0.5,0.3072583333333333,0.011231414147056019,0.3020018697080426,0.312514796958624,0.21275960488699308,0.004297576850451241,0.21074827700828516,0.214770932765701,0.61667602468821,0.009058574598504706,0.6124364812744802,0.6209155681019398,0.6558741688928211,0.04642108369233196,0.634148432963185,0.6775999048224572,0.42469207263563674,0.05274826051221186,0.40000512680233064,0.44937901846894285,0.1959627456638849,0.01260090189903826,0.1900653420412509,0.20186014928651894,0.5764581963738881,0.029356428788434405,0.5627189647798603,0.5901974279679159,0.869360664768444,0.01777209971144023,0.8610430660711587,0.8776782634657293,0.7337204123201582,0.04124284312040086,0.7144181675780938,0.7530226570622225,0.12991959378068196,0.012297688353523982,0.12416409846557028,0.13567508909579365,0.40261288219551206,0.028852890092462894,0.38910931396538884,0.4161164504256353,0.9153219826871923,0.011170208629531643,0.9100941641258554,0.9205498012485293,0.8366153441720149,0.024337426153982548,0.8252250781167701,0.8480056102272596,0.10524065311535893,0.009054102384452924,0.10100320276223401,0.10947810346848386,0.3332950941773734,0.023496731709034248,0.32229828523376164,0.3442919031209852,0.7796586619982253,0.010520553640557104,0.7747348913309311,0.7845824326655195,0.7852411621937962,0.016997152059282376,0.7772862501619421,0.7931960742256504,28.45,0.8870412083230168,28.034851935416693,28.865148064583305,12000.0,0.0,12000.0,12000.0,6000.0,0.0,6000.0,6000.0,3700.65,156.84060799355973,3627.246335947355,3774.053664052645,1843.55,67.38848488233612,1812.0112182482558,1875.0887817517441,0.3083874999999999,0.013070050666129984,0.3022705279956128,0.314504472004387,0.3072583333333333,0.011231414147056019,0.3020018697080426,0.312514796958624,0.16592511896482814,0.024925518190315826,0.15425961736427857,0.17759062056537772,0.03740594133684375,0.007749062872158299,0.03377926827641995,0.041032614397267554,0.13566332068896703
missingness,0.0,0.0,0.0,20,0.5,0.0,0.5,0.5,0.14977499999999996,0.004300236291617318,0.1477624274645133,0.15178757253548664,0.1273541528891993,0.003017611347982138,0.1259418673053674,0.12876643847303118,0.42236471491599437,0.00748929877200742,0.4188596151967119,0.42586981463527684,0.4988356359771159,0.008517064507866151,0.49484952708702673,0.502821744867205,0.14928141508185092,0.005988803821475114,0.1464785686161779,0.15208426154752394,0.12741372514185254,0.0029976030755151906,0.12601080371778275,0.12881664656592232,0.42259739905902266,0.0074140129672224594,0.4191275341809785,0.42606726393706684,0.4991176230460561,0.011852159349770828,0.4935706417231788,0.5046646043689335,0.1494747855629159,0.006554677124005519,0.14640710223945025,0.15254246888638157,0.12766306011402356,0.0030337115348681876,0.12624323941078297,0.12908288081726416,0.4235764646137189,0.007602503554002379,0.4200183834255871,0.4271345458018507,0.4964067169996592,0.013261912606614763,0.49019995084308154,0.5026134831562369,0.15014797681975867,0.007962438003686245,0.14642144112380803,0.1538745125157093,0.12794369031359595,0.0030116962110007346,0.12653417309908732,0.12935320752810459,0.42471236497992965,0.007562495849921026,0.42117300797367574,0.42825172198618355,0.49509602681184806,0.013370536310871007,0.48883842319679977,0.5013536304268963,0.49495131648091617,0.013393469348445767,0.4886829798738999,0.5012196530879324,30.0,0.0,30.0,30.0,12000.0,0.0,12000.0,12000.0,6000.0,0.0,6000.0,6000.0,1795.95,47.18214983611805,1773.8680741508335,1818.0319258491666,898.65,25.80141774970393,886.5745647870799,910.72543521292,0.14966249999999995,0.003931845819676505,0.1478223395125694,0.1515026604874305,0.14977499999999996,0.004300236291617318,0.1477624274645133,0.15178757253548664,-0.003358609041128585,0.010778043700845008,-0.008402888766147514,0.0016856706838903448,-0.0016771210499054504,0.010426789927389189,-0.006557008948637698,0.003202766848826797,0.0013106901878111588
missingness,0.0,1.5,0.7,20,0.5,0.0,0.5,0.5,0.21171666666666664,0.004738513350401137,0.20949897415366578,0.2139343591796675,0.16691821669138387,0.0027022780709927393,0.16565351162400666,0.1681829217587611,0.5162983878195451,0.006141167678844812,0.5134242328736053,0.5191725427654849,0.4969838451090577,0.008246749749813528,0.4931242474200051,0.5008434427981103,0.21084823838768788,0.005838396931885582,0.20811578451316756,0.2135806922622082,0.16699750503385208,0.002716010166098766,0.1657263731481349,0.16826863691956925,0.5165330924368601,0.006187337003868997,0.5136373295816743,0.5194288552920459,0.4979765039886853,0.009616163343882376,0.4934760010092612,0.5024770069681094,0.2108743668901291,0.004306642644652497,0.20885879608912933,0.21288993769112885,0.16738504513089608,0.0028166784869454163,0.16606679902075255,0.1687032912410396,0.5177035675021532,0.006522232384561815,0.5146510687841597,0.5207560662201467,0.7766045112873643,0.006367986352709265,0.773624201934411,0.7795848206403176,0.49800629643188205,0.012020552529847793,0.4923805046747859,0.5036320881889782,0.13722702099136935,0.0026674016782239243,0.13597863857825188,0.13847540340448683,0.4295586080679802,0.006711945843622131,0.4264173207180547,0.43269989541790566,0.7782126241385233,0.006617533763488982,0.7751155230022403,0.7813097252748064,0.778081402454913,0.006495272016056473,0.7750415215777824,0.7811212833320436,30.0,0.0,30.0,30.0,12000.0,0.0,12000.0,12000.0,6000.0,0.0,6000.0,6000.0,2544.4,49.99305214885259,2521.002531373435,2567.797468626565,1270.3,28.43108010240683,1256.9938449219949,1283.606155078005,0.21203333333333335,0.004166087679071053,0.21008354428111958,0.21398312238554712,0.21171666666666664,0.004738513350401137,0.20949897415366578,0.2139343591796675,0.5529569667032906,0.013018877064239763,0.5468639446818165,0.5590499887247647,0.15845847227374515,0.014984005470547597,0.151445741847654,0.1654712026998363,-0.001608112851159027
missingness,2.5,0.0,0.0,20,0.5,0.0,0.5,0.5,0.28900833333333326,0.014854211110634515,0.28205634853755346,0.29596031812911305,0.20529113575939123,0.006300942207108102,0.20234220403244532,0.20824006748633714,0.6007946722899165,0.013466536645553058,0.5944921391352158,0.6070972054446171,0.6385671629021763,0.06279673942954507,0.6091773841729514,0.6679569416314012,0.3871554112180253,0.05470906319854044,0.36155078147937053,0.4127600409566801,0.1921771270148407,0.014227969506162822,0.1855182323118532,0.1988360217178282,0.5677863783288977,0.03472133489464219,0.5515362933880744,0.5840364632697209,0.8991383478695596,0.01774594320986588,0.8908329907918326,0.9074437049472865,0.7788620099320738,0.03727907948132351,0.7614148636767412,0.7963091561874064,0.11091874829830942,0.013076546715751586,0.10479873604911459,0.11703876054750424,0.34977369034274314,0.03241028589781621,0.3346052096263768,0.3649421710591095,0.8985849748232635,0.017873103402859785,0.8902201049432922,0.9069498447032348,0.7894791890346693,0.037605906464309585,0.7718790830428924,0.8070792950264462,0.11124251640681519,0.01312742435278745,0.10509869269052298,0.1173863401231074,0.3510231612182752,0.03254655293147738,0.33579090556703534,0.36625541686951507,0.5029685422095446,0.009864497578320601,0.49835181523079614,0.507585269188293,0.5011024378592224,0.01913074912707922,0.492148971662144,0.5100559040563007,28.1,0.9679060415469872,27.647006028495134,28.55299397150487,12000.0,0.0,12000.0,12000.0,6000.0,0.0,6000.0,6000.0,3467.75,164.35868189964737,3390.827769050776,3544.672230949224,1734.05,89.12526666380717,1692.3380912253213,1775.7619087746787,0.2889791666666667,0.013696556824970622,0.28256898075423137,0.295389352579102,0.28900833333333326,0.014854211110634515,0.28205634853755346,0.29596031812911305,0.00018030440780807193,0.0005761141352762926,-8.932530724338743e-05,0.0004499341228595313,7.113879790560646e-05,0.0006502137120157118,-0.00023317058656951943,0.0003754481823807324,0.3956164326137189
missingness,2.5,1.5,0.7,20,0.5,0.0,0.5,0.5,0.30319166666666664,0.00869332522736679,0.29912306522056525,0.307260268112768,0.21122164818102346,0.003432385251140474,0.20961524243510646,0.21282805392694046,0.6134375544749792,0.0072607947873560875,0.6100393979124379,0.6168357110375204,0.6226270838772885,0.05248986993636359,0.5980610685559625,0.6471930991986145,0.38894190444234467,0.04512132898824626,0.36782447243903266,0.4100593364456567,0.20038013663791596,0.010519792656424687,0.19545672212215873,0.20530355115367319,0.5871336027187889,0.025120723492988415,0.575376742224379,0.5988904632131988,0.8614801101686995,0.01904666778949324,0.8525659952489224,0.8703942250884766,0.7184945611073024,0.03801739806649565,0.7007018711175816,0.7362872510970231,0.1336099372540283,0.011714022340202872,0.12812760604168857,0.13909226846636805,0.4120868102459232,0.027530659753451585,0.39920206486306276,0.42497155562878364,0.9082271137762754,0.01195685543530008,0.9026311331770747,0.9138230943754762,0.8220751591991732,0.023692526242370456,0.8109867155932619,0.8331636028050845,0.10933933760958117,0.009041102377308562,0.10510797144708338,0.11357070377207897,0.34472859072818773,0.023661299504788836,0.33365476168533004,0.35580241977104543,0.7731255758263774,0.009879308613313799,0.7685019170698781,0.7777492345828767,0.7765297579149886,0.016503046149976913,0.7688060945669866,0.7842534212629906,29.1,0.7880689256524122,28.731172389542802,29.4688276104572,12000.0,0.0,12000.0,12000.0,6000.0,0.0,6000.0,6000.0,3652.7,132.81530507873669,3590.540523830094,3714.8594761699055,1819.15,52.159951364200765,1794.7383913233919,1843.5616086766083,0.30439166666666667,0.011067942089894723,0.29921171031917454,0.3095716230141588,0.30319166666666664,0.00869332522736679,0.29912306522056525,0.307260268112768,0.1686983734900489,0.023957659915635407,0.1574858435054225,0.1799109034746753,0.03879847130271443,0.007562330526312657,0.03525919167029098,0.042337750935137884,0.135101537949898
persistent_events,0.0,0.0,0.0,20,0.5,0.0,0.5,0.5,0.16996666666666665,0.004176864712964656,0.1680118338073322,0.1719214995260011,0.14109165982311464,0.0027411922390989333,0.13980874236444987,0.1423745772817794,0.4558823939098131,0.006569297515369308,0.4528078680325617,0.45895691978706454,0.49955481163058923,0.010515137479927533,0.4946335758044971,0.5044760474566814,0.16994706876042476,0.005215080526563511,0.16750633594335304,0.17238780157749647,0.14112951923563555,0.0027569555862235755,0.13983922430342305,0.14241981416784805,0.4560182872905697,0.00662784020313917,0.4529163625920514,0.459120211989088,0.4983896388499932,0.011852530255324711,0.49284248393797325,0.5039367937620132,0.16968460223329554,0.006589748456499752,0.16660050502097024,0.17276869944562084,0.1414658692441606,0.00277704051487395,0.1401661742759878,0.1427655642123334,0.45722123746186333,0.006710373991727149,0.4540806857612695,0.4603617891624572,0.5605049153463341,0.01063390639394769,0.5555280939574456,0.5654817367352225,0.22668570057993315,0.012608290461910013,0.2207848390034324,0.2325865621564339,0.13865245566952167,0.0023716064353212695,0.1375425096914331,0.13976240164761022,0.44874781398571584,0.0057414555352308955,0.4460607300814084,0.4514348978900233,0.5592621055153121,0.00900929878378312,0.5550456238927601,0.563478587137864,0.5586490101878155,0.009107762740697536,0.5543864460149145,0.5629115743607166,30.0,0.0,30.0,30.0,12000.0,0.0,12000.0,12000.0,6000.0,0.0,6000.0,6000.0,2014.2,47.68161954155147,1991.8843151331205,2036.5156848668796,1019.8,25.061188277787963,1008.0710028439931,1031.5289971560067,0.16785,0.00397346829512928,0.1659903595944267,0.1697096404055733,0.16996666666666665,0.004176864712964656,0.1680118338073322,0.1719214995260011,0.056416530958309376,0.016237854578081006,0.04881698108641582,0.06401608083020294,0.0012554502578641601,0.005194808493625805,-0.001175794955745278,0.0036866954714735983,0.0012428098310219848
persistent_events,0.0,1.5,0.7,20,0.5,0.0,0.5,0.5,0.22904166666666667,0.00632475758266924,0.22608158900086384,0.2320017443324695,0.17659385099706063,0.0034539011448306185,0.17497737550292963,0.17821032649119162,0.5381508758626004,0.007751826138167703,0.5345229095538754,0.5417788421713253,0.5001800670239213,0.007510980560797535,0.49666481991512806,0.5036953141327145,0.22898634555341985,0.007057301276017405,0.225683426885798,0.23228926422104168,0.17664905233819622,0.0034394859017251285,0.17503932338551065,0.1782587812908818,0.5383078155774191,0.007713265811763499,0.5346978960569676,0.5419177350978707,0.4992428789453588,0.006926919390557937,0.49600098087846817,0.5024847770122494,0.22908441365593185,0.006861890452889753,0.22587295006870414,0.23229587724315956,0.17703195135433938,0.0034820999699171577,0.17540227840382377,0.178661624304855,0.539405104913898,0.007860430232662969,0.5357263103243531,0.5430838995034429,0.789593914374895,0.005561404886053776,0.7869910967682877,0.7921967319815023,0.5501669058224384,0.01358192051735047,0.5438103713534681,0.5565234402914088,0.13996526215961985,0.0027568704949559896,0.13867500705134644,0.14125551726789326,0.4359236927491964,0.007234575775734444,0.4325378070618161,0.4393095784365767,0.7913538171133655,0.005750548964002019,0.7886624773533895,0.7940451568733415,0.7907762808022907,0.0054935941312614115,0.7882051996058365,0.7933473619987449,30.0,0.0,30.0,30.0,12000.0,0.0,12000.0,12000.0,6000.0,0.0,6000.0,6000.0,2714.15,34.23029590720385,2698.129728379412,2730.170271620588,1374.25,37.9485454960155,1356.489534005183,1392.010465994817,0.22617916666666665,0.00285252465893365,0.22484414403161765,0.22751418930171566,0.22904166666666667,0.00632475758266924,0.22608158900086384,0.2320017443324695,0.561897186093372,0.011923572490713626,0.5563167823917258,0.5674775897950183,0.1577140601619607,0.016632086865984563,0.1499300038998524,0.16549811642406903,-0.0017599027384704868
persistent_events,2.5,0.0,0.0,20,0.5,0.0,0.5,0.5,0.30077499999999996,0.014536833133246704,0.2939715526699181,0.30757844733008183,0.21013906872415483,0.005734360064176348,0.20745530560252123,0.21282283184578843,0.6111153106686469,0.012134761664738817,0.6054360673910769,0.6167945539462169,0.6351646475064534,0.061470800852161236,0.606395427133472,0.6639338678794348,0.39753556327005996,0.05415120931830324,0.37219201718403344,0.42287910935608647,0.19697376875432,0.013316612201917304,0.1907414023991154,0.20320613510952457,0.5787541575125048,0.03214140412703303,0.5637115173384887,0.5937967976865209,0.8962695583198693,0.01775830108384427,0.8879584175790878,0.9045806990606509,0.7844395994185529,0.035800793912312785,0.7676843121063199,0.8011948867307859,0.11407727572749846,0.012683100946724608,0.10814140176635322,0.1200131496886437,0.3591689323330668,0.03125159093064658,0.34454273755398207,0.3737951271121515,0.8999326689557344,0.01693858761452914,0.8920051659277287,0.9078601719837401,0.8040663824488284,0.03318553118193242,0.7885350757709866,0.8195976891266703,0.11231133501485813,0.01233406992947285,0.10653881259807411,0.11808385743164214,0.35456786721335287,0.030573084226058124,0.3402592233468681,0.36887651107983765,0.5509197943910604,0.00931880773182611,0.5465584581219085,0.5552811306602123,0.5567698893987003,0.02441269318195635,0.5453443972900354,0.5681953815073653,28.35,0.9333020044867295,27.913201216359624,28.78679878364038,12000.0,0.0,12000.0,12000.0,6000.0,0.0,6000.0,6000.0,3623.35,165.99564832596636,3545.661645180433,3701.038354819567,1804.65,87.22099879948033,1763.8293160195087,1845.4706839804915,0.30194583333333325,0.01383297069383053,0.295471803765036,0.3084198629016305,0.30077499999999996,0.014536833133246704,0.2939715526699181,0.30757844733008183,0.007176746158638085,0.0024074734491471407,0.006050013901363769,0.008303478415912401,0.0006143300497555805,0.000687952410029935,0.0002923584109302673,0.0009363016885808936,0.349012874564674
persistent_events,2.5,1.5,0.7,20,0.5,0.0,0.5,0.5,0.3153333333333333,0.011337073686189128,0.3100274195215526,0.320639247145114,0.2157944395092069,0.004185777439912902,0.21383543536526017,0.21775344365315363,0.6230613501069384,0.008789747658031477,0.6189476215741839,0.6271750786396929,0.619202994275952,0.05231124622460264,0.5947205774250583,0.6436854111268457,0.40020717859140015,0.045384260380833735,0.3789666909084572,0.4214476662743431,0.20494285484179958,0.010935940527511463,0.19982467712717275,0.2100610325564264,0.5973931375665396,0.02540723137471162,0.5855021872559303,0.6092840878771488,0.8602047672636065,0.016531340923544944,0.8524678615539483,0.8679416729732647,0.7298782620488031,0.0324678348030354,0.7146828476157205,0.7450736764818857,0.13596415950925303,0.01012480829225434,0.13122560336623815,0.1407027156522679,0.419668769260838,0.02358209710973624,0.4086320080798879,0.4307055304417881,0.9124281807100225,0.009319355569215539,0.9080665880450799,0.9167897733749651,0.8393970828929742,0.01695281644319333,0.8314629205681673,0.8473312452177811,0.10800319771732873,0.007350676625539294,0.10456297515964218,0.11144342027501529,0.3412806038412701,0.018998466110959403,0.3323890480014605,0.35017215968107973,0.789406884877037,0.006936639816035438,0.7861604375109864,0.7926533322430876,0.7949111710576776,0.012748127205224455,0.7889448638707589,0.8008774782445963,29.25,0.7163503994113789,28.914737693030812,29.585262306969188,12000.0,0.0,12000.0,12000.0,6000.0,0.0,6000.0,6000.0,3775.4,137.0641033277956,3711.2520250395633,3839.547974960437,1892.0,68.02244211713474,1860.1645171293158,1923.8354828706842,0.31461666666666666,0.011422008610649636,0.3092710020866303,0.31996233124670304,0.3153333333333333,0.011337073686189128,0.3100274195215526,0.320639247145114,0.18286997332375343,0.021350128668756345,0.17287780552785653,0.19286214111965033,0.03995798332258648,0.0066688721491301554,0.036836855082220996,0.043079111562951966,0.12302129583298549
